doi,experiment_id,is_polymer_blend,polymer(s),polymer_components,is_solvent_blend,solvent(s),solvent_components,solution_concentration,solution_concentration_unit,solution_viscosity,solution_viscosity_unit,solution_surface_tension,solution_surface_tension_unit,solution_conductivity,solution_conductivity_unit,solution_evaporation_rate,solution_evaporation_rate_unit,needle_type,needle_definition,collector_type,collector_definition,voltage,voltage_unit,flow_rate,flow_rate_unit,tip_collector_distance,tip_collector_distance_unit,spinning_duration,spinning_duration_unit,temperature,temperature_unit,humidity,humidity_unit,was_formation_stable,process_instability,fiber_diameter,fiber_diameter_unit,fiber_diameter_variation,fiber_diameter_variation_unit,morphology,publication_title,is_custom_device,device_manufacturer,device_model,tensile_strength,tensile_strength_unit,modulus,modulus_unit,elongation_at_break,elongation_at_break_unit,fracture_behaviour,surface_area,surface_area_unit,porosity,porosity_unit,permeability,permeability_unit
https://doi.org/10.1016/j.jafr.2019.100015,1,False,CA,"[{""name"": ""CA""}]",False,ACETONE,"[{""name"": ""ACETONE""}]",15.0,wt%,,,,,,,,,Single Needle,"{""size"": 22.0, ""unit"": ""G""}",Flat,,12.0,kV,2.0,mL/h,6.0,cm,,,23.0,,45.0,%,True,,1346.0,nm,812.0,nm,,,,,,,,,,,,,,,,,,
https://doi.org/10.1016/j.jafr.2019.100015,2,False,CA,"[{""name"": ""CA""}]",False,ACETONE,"[{""name"": ""ACETONE""}]",12.0,wt%,,,,,,,,,Single Needle,"{""size"": 22.0, ""unit"": ""G""}",Flat,,16.0,kV,2.0,mL/h,6.0,cm,,,23.0,,45.0,%,True,,488.0,nm,221.0,nm,,,,,,,,,,,,,,,,,,
https://doi.org/10.1016/j.jafr.2019.100015,3,False,CA,"[{""name"": ""CA""}]",False,ACETONE,"[{""name"": ""ACETONE""}]",15.0,wt%,,,,,,,,,Single Needle,"{""size"": 22.0, ""unit"": ""G""}",Flat,,16.0,kV,2.0,mL/h,10.0,cm,,,23.0,,45.0,%,True,,823.0,nm,519.0,nm,,,,,,,,,,,,,,,,,,
https://doi.org/10.1016/j.jafr.2019.100015,4,False,CA,"[{""name"": ""CA""}]",False,ACETONE,"[{""name"": ""ACETONE""}]",9.0,wt%,,,,,,,,,Single Needle,"{""size"": 22.0, ""unit"": ""G""}",Flat,,12.0,kV,2.0,mL/h,6.0,cm,,,23.0,,45.0,%,True,,452.0,nm,236.0,nm,,,,,,,,,,,,,,,,,,
https://doi.org/10.1016/j.jafr.2019.100015,5,False,CA,"[{""name"": ""CA""}]",False,ACETONE,"[{""name"": ""ACETONE""}]",12.0,wt%,,,,,,,,,Single Needle,"{""size"": 22.0, ""unit"": ""G""}",Flat,,12.0,kV,2.0,mL/h,10.0,cm,,,23.0,,45.0,%,True,,801.0,nm,382.0,nm,,,,,,,,,,,,,,,,,,
https://doi.org/10.1016/j.jafr.2019.100015,6,False,CA,"[{""name"": ""CA""}]",False,ACETONE,"[{""name"": ""ACETONE""}]",15.0,wt%,,,,,,,,,Single Needle,"{""size"": 22.0, ""unit"": ""G""}",Flat,,8.0,kV,2.0,mL/h,10.0,cm,,,23.0,,45.0,%,True,,749.0,nm,336.0,nm,,,,,,,,,,,,,,,,,,
https://doi.org/10.1016/j.jafr.2019.100015,7,False,CA,"[{""name"": ""CA""}]",False,ACETONE,"[{""name"": ""ACETONE""}]",12.0,wt%,,,,,,,,,Single Needle,"{""size"": 22.0, ""unit"": ""G""}",Flat,,12.0,kV,2.0,mL/h,10.0,cm,,,23.0,,45.0,%,True,,666.0,nm,449.0,nm,,,,,,,,,,,,,,,,,,
https://doi.org/10.1016/j.jafr.2019.100015,8,False,CA,"[{""name"": ""CA""}]",False,ACETONE,"[{""name"": ""ACETONE""}]",12.0,wt%,,,,,,,,,Single Needle,"{""size"": 22.0, ""unit"": ""G""}",Flat,,8.0,kV,2.0,mL/h,14.0,cm,,,23.0,,45.0,%,True,,977.0,nm,464.0,nm,,,,,,,,,,,,,,,,,,
https://doi.org/10.1016/j.jafr.2019.100015,9,False,CA,"[{""name"": ""CA""}]",False,ACETONE,"[{""name"": ""ACETONE""}]",9.0,wt%,,,,,,,,,Single Needle,"{""size"": 22.0, ""unit"": ""G""}",Flat,,8.0,kV,2.0,mL/h,10.0,cm,,,23.0,,45.0,%,True,,404.0,nm,171.0,nm,,,,,,,,,,,,,,,,,,
https://doi.org/10.1016/j.jafr.2019.100015,10,False,CA,"[{""name"": ""CA""}]",False,ACETONE,"[{""name"": ""ACETONE""}]",12.0,wt%,,,,,,,,,Single Needle,"{""size"": 22.0, ""unit"": ""G""}",Flat,,16.0,kV,2.0,mL/h,14.0,cm,,,23.0,,45.0,%,True,,1104.0,nm,531.0,nm,,,,,,,,,,,,,,,,,,
https://doi.org/10.1016/j.jafr.2019.100015,11,False,CA,"[{""name"": ""CA""}]",False,ACETONE,"[{""name"": ""ACETONE""}]",9.0,wt%,,,,,,,,,Single Needle,"{""size"": 22.0, ""unit"": ""G""}",Flat,,12.0,kV,2.0,mL/h,14.0,cm,,,23.0,,45.0,%,True,,562.0,nm,400.0,nm,,,,,,,,,,,,,,,,,,
https://doi.org/10.1016/j.jafr.2019.100015,12,False,CA,"[{""name"": ""CA""}]",False,ACETONE,"[{""name"": ""ACETONE""}]",15.0,wt%,,,,,,,,,Single Needle,"{""size"": 22.0, ""unit"": ""G""}",Flat,,12.0,kV,2.0,mL/h,14.0,cm,,,23.0,,45.0,%,True,,1149.0,nm,523.0,nm,,,,,,,,,,,,,,,,,,
https://doi.org/10.1016/j.jafr.2019.100015,13,False,CA,"[{""name"": ""CA""}]",False,ACETONE,"[{""name"": ""ACETONE""}]",9.0,wt%,,,,,,,,,Single Needle,"{""size"": 22.0, ""unit"": ""G""}",Flat,,16.0,kV,2.0,mL/h,10.0,cm,,,23.0,,45.0,%,True,,478.0,nm,337.0,nm,,,,,,,,,,,,,,,,,,
https://doi.org/10.1016/j.jafr.2019.100015,14,False,CA,"[{""name"": ""CA""}]",False,ACETONE,"[{""name"": ""ACETONE""}]",12.0,wt%,,,,,,,,,Single Needle,"{""size"": 22.0, ""unit"": ""G""}",Flat,,8.0,kV,2.0,mL/h,6.0,cm,,,23.0,,45.0,%,True,,756.0,nm,470.0,nm,,,,,,,,,,,,,,,,,,
https://doi.org/10.1016/j.jafr.2019.100015,15,False,CA,"[{""name"": ""CA""}]",False,ACETONE,"[{""name"": ""ACETONE""}]",12.0,wt%,,,,,,,,,Single Needle,"{""size"": 22.0, ""unit"": ""G""}",Flat,,12.0,kV,2.0,mL/h,10.0,cm,,,23.0,,45.0,%,True,,653.0,nm,403.0,nm,,,,,,,,,,,,,,,,,,
DOI10.1002/app.32569,16,False,PAN,"[{""name"": ""PAN""}]",False,DMF,"[{""name"": ""DMF""}]",5.0,wt%,,,,,,,,,Single Needle,"{""size"": 21.0, ""unit"": ""G""}",Flat With Ethanol Bath,,18.0,kV,1.0,mL/h,15.0,cm,,,,,45.0,%,True,,120.0,nm,21.0,nm,,,,,,,,,,,,,,,,,,
DOI10.1002/app.32569,17,False,PAN,"[{""name"": ""PAN""}]",False,DMF,"[{""name"": ""DMF""}]",7.0,wt%,,,,,,,,,Single Needle,"{""size"": 21.0, ""unit"": ""G""}",Flat With Ethanol Bath,,18.0,kV,1.0,mL/h,15.0,cm,,,,,45.0,%,True,,197.0,nm,21.0,nm,,,,,,,,,,,,,,,,,,
DOI10.1002/app.32569,18,False,PAN,"[{""name"": ""PAN""}]",False,DMF,"[{""name"": ""DMF""}]",7.0,wt%,,,,,,,,,Single Needle,"{""size"": 21.0, ""unit"": ""G""}",Flat With Ethanol Bath,,18.0,kV,1.0,mL/h,2.0,cm,,,,,45.0,%,True,,218.0,nm,21.0,nm,,,,,,,,,,,,,,,,,,
DOI10.1002/app.32569,19,False,PAN,"[{""name"": ""PAN""}]",False,DMF,"[{""name"": ""DMF""}]",7.0,wt%,,,,,,,,,Single Needle,"{""size"": 21.0, ""unit"": ""G""}",Flat With Ethanol Bath,,18.0,kV,1.0,mL/h,3.0,cm,,,,,45.0,%,True,,221.0,nm,21.0,nm,,,,,,,,,,,,,,,,,,
DOI10.1002/app.32569,20,False,PAN,"[{""name"": ""PAN""}]",False,DMF,"[{""name"": ""DMF""}]",7.0,wt%,,,,,,,,,Single Needle,"{""size"": 21.0, ""unit"": ""G""}",Flat With Ethanol Bath,,18.0,kV,1.0,mL/h,4.0,cm,,,,,45.0,%,True,,225.0,nm,21.0,nm,,,,,,,,,,,,,,,,,,
DOI10.1002/app.32569,21,False,PAN,"[{""name"": ""PAN""}]",False,DMF,"[{""name"": ""DMF""}]",7.0,wt%,,,,,,,,,Single Needle,"{""size"": 21.0, ""unit"": ""G""}",Flat With Ethanol Bath,,18.0,kV,1.0,mL/h,5.0,cm,,,,,45.0,%,True,,203.0,nm,21.0,nm,,,,,,,,,,,,,,,,,,
DOI10.1002/app.32569,22,False,PAN,"[{""name"": ""PAN""}]",False,DMF,"[{""name"": ""DMF""}]",7.0,wt%,,,,,,,,,Single Needle,"{""size"": 21.0, ""unit"": ""G""}",Flat With Ethanol Bath,,18.0,kV,1.0,mL/h,6.0,cm,,,,,45.0,%,True,,190.0,nm,21.0,nm,,,,,,,,,,,,,,,,,,
DOI10.1002/app.32569,23,False,PAN,"[{""name"": ""PAN""}]",False,DMF,"[{""name"": ""DMF""}]",7.0,wt%,,,,,,,,,Single Needle,"{""size"": 21.0, ""unit"": ""G""}",Flat With Ethanol Bath,,18.0,kV,1.0,mL/h,7.0,cm,,,,,45.0,%,True,,185.0,nm,21.0,nm,,,,,,,,,,,,,,,,,,
DOI10.1002/app.32569,24,False,PAN,"[{""name"": ""PAN""}]",False,DMF,"[{""name"": ""DMF""}]",7.0,wt%,,,,,,,,,Single Needle,"{""size"": 21.0, ""unit"": ""G""}",Flat With Ethanol Bath,,18.0,kV,1.0,mL/h,8.0,cm,,,,,45.0,%,True,,187.0,nm,21.0,nm,,,,,,,,,,,,,,,,,,
DOI10.1002/app.32569,25,False,PAN,"[{""name"": ""PAN""}]",False,DMF,"[{""name"": ""DMF""}]",7.0,wt%,,,,,,,,,Single Needle,"{""size"": 21.0, ""unit"": ""G""}",Flat With Ethanol Bath,,18.0,kV,1.0,mL/h,9.0,cm,,,,,45.0,%,True,,190.0,nm,21.0,nm,,,,,,,,,,,,,,,,,,
DOI10.1002/app.32569,26,False,PAN,"[{""name"": ""PAN""}]",False,DMF,"[{""name"": ""DMF""}]",7.0,wt%,,,,,,,,,Single Needle,"{""size"": 21.0, ""unit"": ""G""}",Flat With Ethanol Bath,,18.0,kV,1.0,mL/h,10.0,cm,,,,,45.0,%,True,,185.0,nm,21.0,nm,,,,,,,,,,,,,,,,,,
DOI10.1002/app.32569,27,False,PAN,"[{""name"": ""PAN""}]",False,DMF,"[{""name"": ""DMF""}]",5.0,wt%,,,,,,,,,Single Needle,"{""size"": 21.0, ""unit"": ""G""}",Flat With Ethanol Bath,,18.0,kV,1.0,mL/h,15.0,cm,,,,,45.0,%,True,,156.0,nm,21.0,nm,,,,,,,,,,,,,,,,,,
DOI10.1002/app.32569,28,False,PAN,"[{""name"": ""PAN""}]",False,DMF,"[{""name"": ""DMF""}]",5.0,wt%,,,,,,,,,Single Needle,"{""size"": 21.0, ""unit"": ""G""}",Flat With Ethanol Bath,,18.0,kV,1.0,mL/h,2.0,cm,,,,,45.0,%,True,,163.0,nm,21.0,nm,,,,,,,,,,,,,,,,,,
DOI10.1002/app.32569,29,False,PAN,"[{""name"": ""PAN""}]",False,DMF,"[{""name"": ""DMF""}]",5.0,wt%,,,,,,,,,Single Needle,"{""size"": 21.0, ""unit"": ""G""}",Flat With Ethanol Bath,,18.0,kV,1.0,mL/h,3.0,cm,,,,,45.0,%,True,,159.0,nm,21.0,nm,,,,,,,,,,,,,,,,,,
DOI10.1002/app.32569,30,False,PAN,"[{""name"": ""PAN""}]",False,DMF,"[{""name"": ""DMF""}]",5.0,wt%,,,,,,,,,Single Needle,"{""size"": 21.0, ""unit"": ""G""}",Flat With Ethanol Bath,,18.0,kV,1.0,mL/h,4.0,cm,,,,,45.0,%,True,,143.0,nm,21.0,nm,,,,,,,,,,,,,,,,,,
DOI10.1002/app.32569,31,False,PAN,"[{""name"": ""PAN""}]",False,DMF,"[{""name"": ""DMF""}]",5.0,wt%,,,,,,,,,Single Needle,"{""size"": 21.0, ""unit"": ""G""}",Flat With Ethanol Bath,,18.0,kV,1.0,mL/h,5.0,cm,,,,,45.0,%,True,,150.0,nm,21.0,nm,,,,,,,,,,,,,,,,,,
DOI10.1002/app.32569,32,False,PAN,"[{""name"": ""PAN""}]",False,DMF,"[{""name"": ""DMF""}]",5.0,wt%,,,,,,,,,Single Needle,"{""size"": 21.0, ""unit"": ""G""}",Flat With Ethanol Bath,,18.0,kV,1.0,mL/h,6.0,cm,,,,,45.0,%,True,,110.0,nm,21.0,nm,,,,,,,,,,,,,,,,,,
DOI10.1002/app.32569,33,False,PAN,"[{""name"": ""PAN""}]",False,DMF,"[{""name"": ""DMF""}]",5.0,wt%,,,,,,,,,Single Needle,"{""size"": 21.0, ""unit"": ""G""}",Flat With Ethanol Bath,,18.0,kV,1.0,mL/h,7.0,cm,,,,,45.0,%,True,,100.0,nm,21.0,nm,,,,,,,,,,,,,,,,,,
DOI10.1002/app.32569,34,False,PAN,"[{""name"": ""PAN""}]",False,DMF,"[{""name"": ""DMF""}]",5.0,wt%,,,,,,,,,Single Needle,"{""size"": 21.0, ""unit"": ""G""}",Flat With Ethanol Bath,,18.0,kV,1.0,mL/h,8.0,cm,,,,,45.0,%,True,,113.0,nm,21.0,nm,,,,,,,,,,,,,,,,,,
DOI10.1002/app.32569,35,False,PAN,"[{""name"": ""PAN""}]",False,DMF,"[{""name"": ""DMF""}]",5.0,wt%,,,,,,,,,Single Needle,"{""size"": 21.0, ""unit"": ""G""}",Flat With Ethanol Bath,,18.0,kV,1.0,mL/h,9.0,cm,,,,,45.0,%,True,,103.0,nm,21.0,nm,,,,,,,,,,,,,,,,,,
https://doi.org/10.1515/epoly-2022-8106,36,False,PAN,"[{""name"": ""PAN""}]",False,DMF,"[{""name"": ""DMF""}]",12.0,wt%,,,,,,,,,Single Needle,"{""size"": 22.0, ""unit"": ""G""}",Rolling Drum,"{""rotationSpeed"": 300.0, ""rotationSpeedUnit"": ""rpm""}",16.0,kV,0.54,mL/h,14.0,cm,,,,,45.0,%,True,,275.58,nm,,nm,,,,,,,,,,,,,,,,,,
https://doi.org/10.1515/epoly-2022-8106,37,False,PAN,"[{""name"": ""PAN""}]",False,DMF,"[{""name"": ""DMF""}]",12.0,wt%,,,,,,,,,Single Needle,"{""size"": 22.0, ""unit"": ""G""}",Rolling Drum,"{""rotationSpeed"": 300.0, ""rotationSpeedUnit"": ""rpm""}",16.0,kV,0.54,mL/h,16.0,cm,,,,,45.0,%,True,,270.69,nm,,nm,,,,,,,,,,,,,,,,,,
https://doi.org/10.1515/epoly-2022-8106,38,False,PAN,"[{""name"": ""PAN""}]",False,DMF,"[{""name"": ""DMF""}]",12.0,wt%,,,,,,,,,Single Needle,"{""size"": 22.0, ""unit"": ""G""}",Rolling Drum,"{""rotationSpeed"": 300.0, ""rotationSpeedUnit"": ""rpm""}",16.0,kV,0.54,mL/h,18.0,cm,,,,,45.0,%,True,,263.68,nm,,nm,,,,,,,,,,,,,,,,,,
https://doi.org/10.1515/epoly-2022-8106,39,False,PAN,"[{""name"": ""PAN""}]",False,DMF,"[{""name"": ""DMF""}]",12.0,wt%,,,,,,,,,Single Needle,"{""size"": 22.0, ""unit"": ""G""}",Rolling Drum,"{""rotationSpeed"": 300.0, ""rotationSpeedUnit"": ""rpm""}",16.0,kV,0.54,mL/h,20.0,cm,,,,,45.0,%,True,,271.97,nm,,nm,,,,,,,,,,,,,,,,,,
https://doi.org/10.1515/epoly-2022-8106,40,False,PAN,"[{""name"": ""PAN""}]",False,DMF,"[{""name"": ""DMF""}]",12.0,wt%,,,,,,,,,Single Needle,"{""size"": 22.0, ""unit"": ""G""}",Rolling Drum,"{""rotationSpeed"": 300.0, ""rotationSpeedUnit"": ""rpm""}",16.0,kV,0.54,mL/h,22.0,cm,,,,,45.0,%,True,,276.48,nm,,nm,,,,,,,,,,,,,,,,,,
https://doi.org/10.1515/epoly-2022-8106,41,False,PAN,"[{""name"": ""PAN""}]",False,DMF,"[{""name"": ""DMF""}]",12.0,wt%,,,,,,,,,Single Needle,"{""size"": 22.0, ""unit"": ""G""}",Rolling Drum,"{""rotationSpeed"": 300.0, ""rotationSpeedUnit"": ""rpm""}",12.0,kV,0.42,mL/h,18.0,cm,,,,,45.0,%,True,,237.88,nm,,nm,,,,,,,,,,,,,,,,,,
https://doi.org/10.1515/epoly-2022-8106,42,False,PAN,"[{""name"": ""PAN""}]",False,DMF,"[{""name"": ""DMF""}]",12.0,wt%,,,,,,,,,Single Needle,"{""size"": 22.0, ""unit"": ""G""}",Rolling Drum,"{""rotationSpeed"": 300.0, ""rotationSpeedUnit"": ""rpm""}",14.0,kV,0.42,mL/h,18.0,cm,,,,,45.0,%,True,,242.22,nm,,nm,,,,,,,,,,,,,,,,,,
https://doi.org/10.1515/epoly-2022-8106,43,False,PAN,"[{""name"": ""PAN""}]",False,DMF,"[{""name"": ""DMF""}]",12.0,wt%,,,,,,,,,Single Needle,"{""size"": 22.0, ""unit"": ""G""}",Rolling Drum,"{""rotationSpeed"": 300.0, ""rotationSpeedUnit"": ""rpm""}",16.0,kV,0.42,mL/h,18.0,cm,,,,,45.0,%,True,,255.35,nm,,nm,,,,,,,,,,,,,,,,,,
https://doi.org/10.1515/epoly-2022-8106,44,False,PAN,"[{""name"": ""PAN""}]",False,DMF,"[{""name"": ""DMF""}]",12.0,wt%,,,,,,,,,Single Needle,"{""size"": 22.0, ""unit"": ""G""}",Rolling Drum,"{""rotationSpeed"": 300.0, ""rotationSpeedUnit"": ""rpm""}",18.0,kV,0.42,mL/h,18.0,cm,,,,,45.0,%,True,,259.69,nm,,nm,,,,,,,,,,,,,,,,,,
https://doi.org/10.1515/epoly-2022-8106,45,False,PAN,"[{""name"": ""PAN""}]",False,DMF,"[{""name"": ""DMF""}]",12.0,wt%,,,,,,,,,Single Needle,"{""size"": 22.0, ""unit"": ""G""}",Rolling Drum,"{""rotationSpeed"": 300.0, ""rotationSpeedUnit"": ""rpm""}",20.0,kV,0.42,mL/h,18.0,cm,,,,,45.0,%,True,,250.28,nm,,nm,,,,,,,,,,,,,,,,,,
https://doi.org/10.1515/epoly-2022-8106,46,False,PAN,"[{""name"": ""PAN""}]",False,DMF,"[{""name"": ""DMF""}]",12.0,wt%,,,,,,,,,Single Needle,"{""size"": 22.0, ""unit"": ""G""}",Rolling Drum,"{""rotationSpeed"": 300.0, ""rotationSpeedUnit"": ""rpm""}",16.0,kV,0.36,mL/h,18.0,cm,,,,,45.0,%,True,,237.84,nm,,nm,,,,,,,,,,,,,,,,,,
https://doi.org/10.1515/epoly-2022-8106,47,False,PAN,"[{""name"": ""PAN""}]",False,DMF,"[{""name"": ""DMF""}]",12.0,wt%,,,,,,,,,Single Needle,"{""size"": 22.0, ""unit"": ""G""}",Rolling Drum,"{""rotationSpeed"": 300.0, ""rotationSpeedUnit"": ""rpm""}",16.0,kV,0.42,mL/h,18.0,cm,,,,,45.0,%,True,,247.6,nm,,nm,,,,,,,,,,,,,,,,,,
https://doi.org/10.1515/epoly-2022-8106,48,False,PAN,"[{""name"": ""PAN""}]",False,DMF,"[{""name"": ""DMF""}]",12.0,wt%,,,,,,,,,Single Needle,"{""size"": 22.0, ""unit"": ""G""}",Rolling Drum,"{""rotationSpeed"": 300.0, ""rotationSpeedUnit"": ""rpm""}",16.0,kV,0.48,mL/h,18.0,cm,,,,,45.0,%,True,,255.6,nm,,nm,,,,,,,,,,,,,,,,,,
https://doi.org/10.1515/epoly-2022-8106,49,False,PAN,"[{""name"": ""PAN""}]",False,DMF,"[{""name"": ""DMF""}]",12.0,wt%,,,,,,,,,Single Needle,"{""size"": 22.0, ""unit"": ""G""}",Rolling Drum,"{""rotationSpeed"": 300.0, ""rotationSpeedUnit"": ""rpm""}",16.0,kV,0.54,mL/h,18.0,cm,,,,,45.0,%,True,,260.64,nm,,nm,,,,,,,,,,,,,,,,,,
https://doi.org/10.1515/epoly-2022-8106,50,False,PAN,"[{""name"": ""PAN""}]",False,DMF,"[{""name"": ""DMF""}]",12.0,wt%,,,,,,,,,Single Needle,"{""size"": 22.0, ""unit"": ""G""}",Rolling Drum,"{""rotationSpeed"": 300.0, ""rotationSpeedUnit"": ""rpm""}",16.0,kV,0.6,mL/h,18.0,cm,,,,,45.0,%,True,,263.02,nm,,nm,,,,,,,,,,,,,,,,,,
https://doi.org/10.3390/polym15132813,51,False,PAN,"[{""name"": ""PAN""}]",False,DMF,"[{""name"": ""DMF""}]",10.0,wt%,,,,,,,,,Single Needle,"{""size"": 22.0, ""unit"": ""G""}",Flat,,15.0,kV,0.3,mL/h,12.0,cm,,,25.0,,30.0,%,True,,280.0,nm,,nm,,,,,,,,,,,,,,,,,,
https://doi.org/10.3390/polym15132813,52,False,PAN,"[{""name"": ""PAN""}]",False,DMF,"[{""name"": ""DMF""}]",10.0,wt%,,,,,,,,,Single Needle,"{""size"": 22.0, ""unit"": ""G""}",Flat,,15.0,kV,0.4,mL/h,12.0,cm,,,25.0,,30.0,%,True,,295.0,nm,,nm,,,,,,,,,,,,,,,,,,
https://doi.org/10.3390/polym15132813,53,False,PAN,"[{""name"": ""PAN""}]",False,DMF,"[{""name"": ""DMF""}]",10.0,wt%,,,,,,,,,Single Needle,"{""size"": 22.0, ""unit"": ""G""}",Flat,,15.0,kV,0.5,mL/h,14.0,cm,,,25.0,,30.0,%,True,,196.0,nm,,nm,,,,,,,,,,,,,,,,,,
https://doi.org/10.3390/polym15132813,54,False,PAN,"[{""name"": ""PAN""}]",False,DMF,"[{""name"": ""DMF""}]",10.0,wt%,,,,,,,,,Single Needle,"{""size"": 22.0, ""unit"": ""G""}",Flat,,15.0,kV,0.3,mL/h,16.0,cm,,,25.0,,30.0,%,True,,200.0,nm,,nm,,,,,,,,,,,,,,,,,,
https://doi.org/10.3390/polym15132813,55,False,PAN,"[{""name"": ""PAN""}]",False,DMF,"[{""name"": ""DMF""}]",10.0,wt%,,,,,,,,,Single Needle,"{""size"": 22.0, ""unit"": ""G""}",Flat,,15.0,kV,0.4,mL/h,16.0,cm,,,25.0,,30.0,%,True,,212.0,nm,,nm,,,,,,,,,,,,,,,,,,
https://doi.org/10.3390/polym15132813,56,False,PAN,"[{""name"": ""PAN""}]",False,DMF,"[{""name"": ""DMF""}]",10.0,wt%,,,,,,,,,Single Needle,"{""size"": 22.0, ""unit"": ""G""}",Flat,,15.0,kV,0.2,mL/h,18.0,cm,,,25.0,,30.0,%,True,,174.0,nm,,nm,,,,,,,,,,,,,,,,,,
https://doi.org/10.3390/polym15132813,57,False,PAN,"[{""name"": ""PAN""}]",False,DMF,"[{""name"": ""DMF""}]",10.0,wt%,,,,,,,,,Single Needle,"{""size"": 22.0, ""unit"": ""G""}",Flat,,15.0,kV,0.5,mL/h,18.0,cm,,,25.0,,30.0,%,True,,213.0,nm,,nm,,,,,,,,,,,,,,,,,,
https://doi.org/10.3390/polym15132813,58,False,PAN,"[{""name"": ""PAN""}]",False,DMF,"[{""name"": ""DMF""}]",10.0,wt%,,,,,,,,,Single Needle,"{""size"": 22.0, ""unit"": ""G""}",Flat,,15.0,kV,0.2,mL/h,20.0,cm,,,25.0,,30.0,%,True,,235.0,nm,,nm,,,,,,,,,,,,,,,,,,
https://doi.org/10.3390/polym15132813,59,False,PAN,"[{""name"": ""PAN""}]",False,DMF,"[{""name"": ""DMF""}]",10.0,wt%,,,,,,,,,Single Needle,"{""size"": 22.0, ""unit"": ""G""}",Flat,,15.0,kV,0.3,mL/h,20.0,cm,,,25.0,,30.0,%,True,,307.0,nm,,nm,,,,,,,,,,,,,,,,,,
https://doi.org/10.3390/polym15132813,60,False,PAN,"[{""name"": ""PAN""}]",False,DMF,"[{""name"": ""DMF""}]",10.0,wt%,,,,,,,,,Single Needle,"{""size"": 22.0, ""unit"": ""G""}",Flat,,15.0,kV,0.5,mL/h,20.0,cm,,,25.0,,30.0,%,True,,166.0,nm,,nm,,,,,,,,,,,,,,,,,,
https://doi.org/10.1515/epoly-2014-0110,61,False,PCL,"[{""name"": ""PCL""}]",False,ACETIC_ACID,"[{""name"": ""ACETIC_ACID""}]",12.0,wt%,,,,,,,,,Single Needle,"{""size"": 23.0, ""unit"": ""G""}",Flat,,20.0,kV,0.5,mL/h,15.0,cm,,,25.0,,20.0,%,True,,580.0,nm,160.0,nm,,,,,,,,,,,,,,,,,,
https://doi.org/10.1515/epoly-2014-0110,62,False,PCL,"[{""name"": ""PCL""}]",False,ACETIC_ACID,"[{""name"": ""ACETIC_ACID""}]",12.0,wt%,,,,,,,,,Single Needle,"{""size"": 23.0, ""unit"": ""G""}",Flat,,20.0,kV,0.5,mL/h,15.0,cm,,,35.0,,20.0,%,True,,200.0,nm,80.0,nm,,,,,,,,,,,,,,,,,,
https://doi.org/10.1515/epoly-2014-0110,63,False,PCL,"[{""name"": ""PCL""}]",False,ACETIC_ACID,"[{""name"": ""ACETIC_ACID""}]",12.0,wt%,,,,,,,,,Single Needle,"{""size"": 23.0, ""unit"": ""G""}",Flat,,20.0,kV,0.5,mL/h,15.0,cm,,,45.0,,20.0,%,True,,160.0,nm,60.0,nm,,,,,,,,,,,,,,,,,,
https://doi.org/10.1515/epoly-2014-0110,64,False,PCL,"[{""name"": ""PCL""}]",False,ACETIC_ACID,"[{""name"": ""ACETIC_ACID""}]",16.0,wt%,,,,,,,,,Single Needle,"{""size"": 23.0, ""unit"": ""G""}",Flat,,20.0,kV,0.5,mL/h,15.0,cm,,,25.0,,20.0,%,True,,460.0,nm,200.0,nm,,,,,,,,,,,,,,,,,,
https://doi.org/10.1515/epoly-2014-0110,65,False,PCL,"[{""name"": ""PCL""}]",False,ACETIC_ACID,"[{""name"": ""ACETIC_ACID""}]",16.0,wt%,,,,,,,,,Single Needle,"{""size"": 23.0, ""unit"": ""G""}",Flat,,20.0,kV,0.5,mL/h,15.0,cm,,,35.0,,20.0,%,True,,185.0,nm,80.0,nm,,,,,,,,,,,,,,,,,,
https://doi.org/10.1515/epoly-2014-0110,66,False,PCL,"[{""name"": ""PCL""}]",False,ACETIC_ACID,"[{""name"": ""ACETIC_ACID""}]",16.0,wt%,,,,,,,,,Single Needle,"{""size"": 23.0, ""unit"": ""G""}",Flat,,20.0,kV,0.5,mL/h,15.0,cm,,,45.0,,20.0,%,True,,160.0,nm,50.0,nm,,,,,,,,,,,,,,,,,,
https://doi.org/10.1515/epoly-2014-0110,67,False,PCL,"[{""name"": ""PCL""}]",False,ACETIC_ACID,"[{""name"": ""ACETIC_ACID""}]",20.0,wt%,,,,,,,,,Single Needle,"{""size"": 23.0, ""unit"": ""G""}",Flat,,20.0,kV,0.5,mL/h,15.0,cm,,,45.0,,20.0,%,True,,220.0,nm,80.0,nm,,,,,,,,,,,,,,,,,,
DOI10.1007/s00521-017-2996-6,68,False,PCL,"[{""name"": ""PCL""}]",False,DMF,"[{""name"": ""DMF""}]",10.0,wt%,,,,,,,,,Single Needle,"{""size"": 21.0, ""unit"": ""G""}",Rolling Drum,"{""rotationSpeed"": 100.0, ""rotationSpeedUnit"": ""rpm""}",18.0,kV,0.5,mL/h,10.0,cm,,,,,45.0,%,True,,397.0,nm,,nm,,,,,,,,,,,,,,,,,,
DOI10.1007/s00521-017-2996-6,69,False,PCL,"[{""name"": ""PCL""}]",False,DMF,"[{""name"": ""DMF""}]",12.0,wt%,,,,,,,,,Single Needle,"{""size"": 21.0, ""unit"": ""G""}",Rolling Drum,"{""rotationSpeed"": 100.0, ""rotationSpeedUnit"": ""rpm""}",18.0,kV,0.5,mL/h,12.0,cm,,,,,45.0,%,True,,197.0,nm,,nm,,,,,,,,,,,,,,,,,,
DOI10.1007/s00521-017-2996-6,70,False,PCL,"[{""name"": ""PCL""}]",False,DMF,"[{""name"": ""DMF""}]",12.0,wt%,,,,,,,,,Single Needle,"{""size"": 21.0, ""unit"": ""G""}",Rolling Drum,"{""rotationSpeed"": 100.0, ""rotationSpeedUnit"": ""rpm""}",18.0,kV,0.5,mL/h,8.0,cm,,,,,45.0,%,True,,191.0,nm,,nm,,,,,,,,,,,,,,,,,,
DOI10.1007/s00521-017-2996-6,71,False,PCL,"[{""name"": ""PCL""}]",False,DMF,"[{""name"": ""DMF""}]",8.0,wt%,,,,,,,,,Single Needle,"{""size"": 21.0, ""unit"": ""G""}",Rolling Drum,"{""rotationSpeed"": 100.0, ""rotationSpeedUnit"": ""rpm""}",15.0,kV,0.5,mL/h,10.0,cm,,,,,45.0,%,True,,372.0,nm,,nm,,,,,,,,,,,,,,,,,,
DOI10.1007/s00521-017-2996-6,72,False,PCL,"[{""name"": ""PCL""}]",False,DMF,"[{""name"": ""DMF""}]",12.0,wt%,,,,,,,,,Single Needle,"{""size"": 21.0, ""unit"": ""G""}",Rolling Drum,"{""rotationSpeed"": 100.0, ""rotationSpeedUnit"": ""rpm""}",21.0,kV,0.5,mL/h,10.0,cm,,,,,45.0,%,True,,314.0,nm,,nm,,,,,,,,,,,,,,,,,,
DOI10.1007/s00521-017-2996-6,73,False,PCL,"[{""name"": ""PCL""}]",False,DMF,"[{""name"": ""DMF""}]",8.0,wt%,,,,,,,,,Single Needle,"{""size"": 21.0, ""unit"": ""G""}",Rolling Drum,"{""rotationSpeed"": 100.0, ""rotationSpeedUnit"": ""rpm""}",21.0,kV,0.5,mL/h,10.0,cm,,,,,45.0,%,True,,320.0,nm,,nm,,,,,,,,,,,,,,,,,,
DOI10.1007/s00521-017-2996-6,74,False,PCL,"[{""name"": ""PCL""}]",False,DMF,"[{""name"": ""DMF""}]",8.0,wt%,,,,,,,,,Single Needle,"{""size"": 21.0, ""unit"": ""G""}",Rolling Drum,"{""rotationSpeed"": 100.0, ""rotationSpeedUnit"": ""rpm""}",18.0,kV,0.5,mL/h,8.0,cm,,,,,45.0,%,True,,317.0,nm,,nm,,,,,,,,,,,,,,,,,,
DOI10.1007/s00521-017-2996-6,75,False,PCL,"[{""name"": ""PCL""}]",False,DMF,"[{""name"": ""DMF""}]",10.0,wt%,,,,,,,,,Single Needle,"{""size"": 21.0, ""unit"": ""G""}",Rolling Drum,"{""rotationSpeed"": 100.0, ""rotationSpeedUnit"": ""rpm""}",21.0,kV,0.5,mL/h,12.0,cm,,,,,45.0,%,True,,287.0,nm,,nm,,,,,,,,,,,,,,,,,,
DOI10.1007/s00521-017-2996-6,76,False,PCL,"[{""name"": ""PCL""}]",False,DMF,"[{""name"": ""DMF""}]",10.0,wt%,,,,,,,,,Single Needle,"{""size"": 21.0, ""unit"": ""G""}",Rolling Drum,"{""rotationSpeed"": 100.0, ""rotationSpeedUnit"": ""rpm""}",18.0,kV,0.5,mL/h,10.0,cm,,,,,45.0,%,True,,324.0,nm,,nm,,,,,,,,,,,,,,,,,,
DOI10.1007/s00521-017-2996-6,77,False,PCL,"[{""name"": ""PCL""}]",False,DMF,"[{""name"": ""DMF""}]",8.0,wt%,,,,,,,,,Single Needle,"{""size"": 21.0, ""unit"": ""G""}",Rolling Drum,"{""rotationSpeed"": 100.0, ""rotationSpeedUnit"": ""rpm""}",18.0,kV,0.5,mL/h,12.0,cm,,,,,45.0,%,True,,298.0,nm,,nm,,,,,,,,,,,,,,,,,,
DOI10.1007/s00521-017-2996-6,78,False,PCL,"[{""name"": ""PCL""}]",False,DMF,"[{""name"": ""DMF""}]",10.0,wt%,,,,,,,,,Single Needle,"{""size"": 21.0, ""unit"": ""G""}",Rolling Drum,"{""rotationSpeed"": 100.0, ""rotationSpeedUnit"": ""rpm""}",18.0,kV,0.5,mL/h,10.0,cm,,,,,45.0,%,True,,359.0,nm,,nm,,,,,,,,,,,,,,,,,,
DOI10.1007/s00521-017-2996-6,79,False,PCL,"[{""name"": ""PCL""}]",False,DMF,"[{""name"": ""DMF""}]",10.0,wt%,,,,,,,,,Single Needle,"{""size"": 21.0, ""unit"": ""G""}",Rolling Drum,"{""rotationSpeed"": 100.0, ""rotationSpeedUnit"": ""rpm""}",15.0,kV,0.5,mL/h,8.0,cm,,,,,45.0,%,True,,313.0,nm,,nm,,,,,,,,,,,,,,,,,,
DOI10.1007/s00521-017-2996-6,80,False,PCL,"[{""name"": ""PCL""}]",False,DMF,"[{""name"": ""DMF""}]",10.0,wt%,,,,,,,,,Single Needle,"{""size"": 21.0, ""unit"": ""G""}",Rolling Drum,"{""rotationSpeed"": 100.0, ""rotationSpeedUnit"": ""rpm""}",18.0,kV,0.5,mL/h,10.0,cm,,,,,45.0,%,True,,348.0,nm,,nm,,,,,,,,,,,,,,,,,,
https://doi.org/10.1002/app.52131,81,False,PCL,"[{""name"": ""PCL""}]",True,CHLOROFORM-ETHANOL,"[{""name"": ""CHLOROFORM""}, {""name"": ""ETHANOL""}]",8.0,wt%,,,,,,,,,Single Needle,"{""size"": 20.0, ""unit"": ""G""}",Flat,,18.0,kV,0.3,mL/h,13.5,cm,,,21.0,,55.0,%,True,,638.0,nm,272.0,nm,,,,,,,,,,,,,,,,,,
https://doi.org/10.1002/app.52131,82,False,PCL,"[{""name"": ""PCL""}]",True,CHLOROFORM-ETHANOL,"[{""name"": ""CHLOROFORM""}, {""name"": ""ETHANOL""}]",8.0,wt%,,,,,,,,,Single Needle,"{""size"": 20.0, ""unit"": ""G""}",Flat,,15.0,kV,0.3,mL/h,10.0,cm,,,21.0,,55.0,%,True,,722.0,nm,477.0,nm,,,,,,,,,,,,,,,,,,
https://doi.org/10.1002/app.52131,83,False,PCL,"[{""name"": ""PCL""}]",True,CHLOROFORM-ETHANOL,"[{""name"": ""CHLOROFORM""}, {""name"": ""ETHANOL""}]",8.0,wt%,,,,,,,,,Single Needle,"{""size"": 20.0, ""unit"": ""G""}",Flat,,15.0,kV,0.5,mL/h,13.5,cm,,,21.0,,55.0,%,True,,617.0,nm,414.0,nm,,,,,,,,,,,,,,,,,,
https://doi.org/10.1002/app.52131,84,False,PCL,"[{""name"": ""PCL""}]",True,CHLOROFORM-ETHANOL,"[{""name"": ""CHLOROFORM""}, {""name"": ""ETHANOL""}]",8.0,wt%,,,,,,,,,Single Needle,"{""size"": 20.0, ""unit"": ""G""}",Flat,,15.0,kV,0.3,mL/h,17.0,cm,,,21.0,,55.0,%,True,,782.0,nm,442.0,nm,,,,,,,,,,,,,,,,,,
https://doi.org/10.1002/app.52131,85,False,PCL,"[{""name"": ""PCL""}]",True,CHLOROFORM-ETHANOL,"[{""name"": ""CHLOROFORM""}, {""name"": ""ETHANOL""}]",8.0,wt%,,,,,,,,,Single Needle,"{""size"": 20.0, ""unit"": ""G""}",Flat,,12.0,kV,0.3,mL/h,13.5,cm,,,21.0,,55.0,%,True,,602.0,nm,365.0,nm,,,,,,,,,,,,,,,,,,
https://doi.org/10.1002/app.52131,86,False,PCL,"[{""name"": ""PCL""}]",True,CHLOROFORM-ETHANOL,"[{""name"": ""CHLOROFORM""}, {""name"": ""ETHANOL""}]",8.0,wt%,,,,,,,,,Single Needle,"{""size"": 20.0, ""unit"": ""G""}",Flat,,15.0,kV,0.1,mL/h,13.5,cm,,,21.0,,55.0,%,True,,616.0,nm,326.0,nm,,,,,,,,,,,,,,,,,,
https://doi.org/10.1002/app.25464,87,False,PDLLA,"[{""name"": ""PDLLA""}]",False,ACETONE,"[{""name"": ""ACETONE""}]",10.0,wt%,,,,,,,,,Single Needle,"{""size"": 25.0, ""unit"": ""G""}",Flat,,15.0,kV,1.8,mL/h,15.0,cm,,,25.0,,47.5,%,True,,187.0,nm,23.0,nm,,,,,,,,,,,,,,,,,,
https://doi.org/10.1002/app.25464,88,False,PDLLA,"[{""name"": ""PDLLA""}]",True,ACETONE-CHLOROFORM,"[{""name"": ""ACETONE""}, {""name"": ""CHLOROFORM""}]",20.0,wt%,,,,,,,,,Single Needle,"{""size"": 22.0, ""unit"": ""G""}",Flat,,15.0,kV,5.4,mL/h,15.0,cm,,,25.0,,47.5,%,True,,468.0,nm,140.0,nm,,,,,,,,,,,,,,,,,,
https://doi.org/10.1002/app.25464,89,False,PDLLA,"[{""name"": ""PDLLA""}]",True,ACETONE-CHLOROFORM,"[{""name"": ""ACETONE""}, {""name"": ""CHLOROFORM""}]",30.0,wt%,,,,,,,,,Single Needle,"{""size"": 20.0, ""unit"": ""G""}",Flat,,15.0,kV,9.0,mL/h,15.0,cm,,,25.0,,47.5,%,True,,1000.0,nm,221.0,nm,,,,,,,,,,,,,,,,,,
https://doi.org/10.1002/app.25464,90,False,PDLLA,"[{""name"": ""PDLLA""}]",True,ACETONE-CHLOROFORM,"[{""name"": ""ACETONE""}, {""name"": ""CHLOROFORM""}]",10.0,wt%,,,,,,,,,Single Needle,"{""size"": 20.0, ""unit"": ""G""}",Flat,,20.0,kV,5.4,mL/h,15.0,cm,,,25.0,,47.5,%,True,,118.0,nm,30.0,nm,,,,,,,,,,,,,,,,,,
https://doi.org/10.1002/app.25464,91,False,PDLLA,"[{""name"": ""PDLLA""}]",True,ACETONE-CHLOROFORM,"[{""name"": ""ACETONE""}, {""name"": ""CHLOROFORM""}]",20.0,wt%,,,,,,,,,Single Needle,"{""size"": 25.0, ""unit"": ""G""}",Flat,,20.0,kV,9.0,mL/h,15.0,cm,,,25.0,,47.5,%,True,,803.0,nm,193.0,nm,,,,,,,,,,,,,,,,,,
https://doi.org/10.1002/app.25464,92,False,PDLLA,"[{""name"": ""PDLLA""}]",False,ACETONE,"[{""name"": ""ACETONE""}]",30.0,wt%,,,,,,,,,Single Needle,"{""size"": 22.0, ""unit"": ""G""}",Flat,,20.0,kV,1.8,mL/h,15.0,cm,,,25.0,,47.5,%,True,,238.0,nm,87.0,nm,,,,,,,,,,,,,,,,,,
https://doi.org/10.1002/app.25464,93,False,PDLLA,"[{""name"": ""PDLLA""}]",False,ACETONE,"[{""name"": ""ACETONE""}]",10.0,wt%,,,,,,,,,Single Needle,"{""size"": 22.0, ""unit"": ""G""}",Flat,,25.0,kV,9.0,mL/h,15.0,cm,,,25.0,,47.5,%,True,,86.0,nm,29.0,nm,,,,,,,,,,,,,,,,,,
https://doi.org/10.1002/app.25464,94,False,PDLLA,"[{""name"": ""PDLLA""}]",True,ACETONE-CHLOROFORM,"[{""name"": ""ACETONE""}, {""name"": ""CHLOROFORM""}]",20.0,wt%,,,,,,,,,Single Needle,"{""size"": 20.0, ""unit"": ""G""}",Flat,,25.0,kV,1.8,mL/h,15.0,cm,,,25.0,,47.5,%,True,,223.0,nm,69.0,nm,,,,,,,,,,,,,,,,,,
https://doi.org/10.1002/app.25464,95,False,PDLLA,"[{""name"": ""PDLLA""}]",True,ACETONE-CHLOROFORM,"[{""name"": ""ACETONE""}, {""name"": ""CHLOROFORM""}]",30.0,wt%,,,,,,,,,Single Needle,"{""size"": 25.0, ""unit"": ""G""}",Flat,,25.0,kV,5.4,mL/h,15.0,cm,,,25.0,,47.5,%,True,,2500.0,nm,338.0,nm,,,,,,,,,,,,,,,,,,
https://doi.org/10.1002/app.25464,96,False,PDLLA,"[{""name"": ""PDLLA""}]",False,ACETONE,"[{""name"": ""ACETONE""}]",20.0,wt%,,,,,,,,,Single Needle,"{""size"": 20.0, ""unit"": ""G""}",Flat,,15.0,kV,9.0,mL/h,15.0,cm,,,25.0,,47.5,%,True,,1000.0,nm,267.0,nm,,,,,,,,,,,,,,,,,,
https://doi.org/10.1002/app.25464,97,False,PDLLA,"[{""name"": ""PDLLA""}]",True,ACETONE-CHLOROFORM,"[{""name"": ""ACETONE""}, {""name"": ""CHLOROFORM""}]",30.0,wt%,,,,,,,,,Single Needle,"{""size"": 25.0, ""unit"": ""G""}",Flat,,15.0,kV,1.8,mL/h,15.0,cm,,,25.0,,47.5,%,True,,1500.0,nm,304.0,nm,,,,,,,,,,,,,,,,,,
https://doi.org/10.1002/app.25464,98,False,PDLLA,"[{""name"": ""PDLLA""}]",True,ACETONE-CHLOROFORM,"[{""name"": ""ACETONE""}, {""name"": ""CHLOROFORM""}]",10.0,wt%,,,,,,,,,Single Needle,"{""size"": 20.0, ""unit"": ""G""}",Flat,,20.0,kV,1.8,mL/h,15.0,cm,,,25.0,,47.5,%,True,,217.0,nm,81.0,nm,,,,,,,,,,,,,,,,,,
https://doi.org/10.1002/app.25464,99,False,PDLLA,"[{""name"": ""PDLLA""}]",False,ACETONE,"[{""name"": ""ACETONE""}]",20.0,wt%,,,,,,,,,Single Needle,"{""size"": 25.0, ""unit"": ""G""}",Flat,,20.0,kV,5.4,mL/h,15.0,cm,,,25.0,,47.5,%,True,,152.0,nm,54.0,nm,,,,,,,,,,,,,,,,,,
https://doi.org/10.1002/app.25464,100,False,PDLLA,"[{""name"": ""PDLLA""}]",True,ACETONE-CHLOROFORM,"[{""name"": ""ACETONE""}, {""name"": ""CHLOROFORM""}]",30.0,wt%,,,,,,,,,Single Needle,"{""size"": 22.0, ""unit"": ""G""}",Flat,,20.0,kV,9.0,mL/h,15.0,cm,,,25.0,,47.5,%,True,,2550.0,nm,353.0,nm,,,,,,,,,,,,,,,,,,
https://doi.org/10.1002/app.25464,101,False,PDLLA,"[{""name"": ""PDLLA""}]",True,ACETONE-CHLOROFORM,"[{""name"": ""ACETONE""}, {""name"": ""CHLOROFORM""}]",20.0,wt%,,,,,,,,,Single Needle,"{""size"": 22.0, ""unit"": ""G""}",Flat,,25.0,kV,1.8,mL/h,15.0,cm,,,25.0,,47.5,%,True,,845.0,nm,202.0,nm,,,,,,,,,,,,,,,,,,
https://doi.org/10.1002/app.25464,102,False,PDLLA,"[{""name"": ""PDLLA""}]",False,ACETONE,"[{""name"": ""ACETONE""}]",30.0,wt%,,,,,,,,,Single Needle,"{""size"": 20.0, ""unit"": ""G""}",Flat,,25.0,kV,5.4,mL/h,15.0,cm,,,25.0,,47.5,%,True,,1560.0,nm,238.0,nm,,,,,,,,,,,,,,,,,,
DOI:10.1002/polb.21380,103,False,PET,"[{""name"": ""PET""}]",True,TFA-DSM,"[{""name"": ""TFA""}, {""name"": ""DSM""}]",10.0,wt%,,,,,,,,,Single Needle,"{""size"": 18.0, ""unit"": ""G""}",Rolling Drum,"{""rotationSpeed"": 900.0, ""rotationSpeedUnit"": ""rpm""}",26.0,kV,0.2,mL/h,12.0,cm,,,20.0,,47.0,%,True,,201.0,nm,62.0,nm,,,,,,,,,,,,,,,,,,
DOI:10.1002/polb.21380,104,False,PET,"[{""name"": ""PET""}]",True,TFA-DSM,"[{""name"": ""TFA""}, {""name"": ""DSM""}]",20.0,wt%,,,,,,,,,Single Needle,"{""size"": 18.0, ""unit"": ""G""}",Rolling Drum,"{""rotationSpeed"": 900.0, ""rotationSpeedUnit"": ""rpm""}",26.0,kV,0.2,mL/h,12.0,cm,,,20.0,,47.0,%,True,,496.0,nm,235.0,nm,,,,,,,,,,,,,,,,,,
DOI:10.1002/polb.21380,105,False,PET,"[{""name"": ""PET""}]",True,TFA-DSM,"[{""name"": ""TFA""}, {""name"": ""DSM""}]",30.0,wt%,,,,,,,,,Single Needle,"{""size"": 18.0, ""unit"": ""G""}",Rolling Drum,"{""rotationSpeed"": 900.0, ""rotationSpeedUnit"": ""rpm""}",26.0,kV,0.2,mL/h,12.0,cm,,,20.0,,47.0,%,True,,729.0,nm,273.0,nm,,,,,,,,,,,,,,,,,,
DOI:10.1002/polb.21380,106,False,PET,"[{""name"": ""PET""}]",True,TFA-DSM,"[{""name"": ""TFA""}, {""name"": ""DSM""}]",10.0,wt%,,,,,,,,,Single Needle,"{""size"": 18.0, ""unit"": ""G""}",Rolling Drum,"{""rotationSpeed"": 900.0, ""rotationSpeedUnit"": ""rpm""}",26.0,kV,0.2,mL/h,12.0,cm,,,20.0,,47.0,%,True,,209.0,nm,62.0,nm,,,,,,,,,,,,,,,,,,
DOI:10.1002/polb.21380,107,False,PET,"[{""name"": ""PET""}]",True,TFA-DSM,"[{""name"": ""TFA""}, {""name"": ""DSM""}]",20.0,wt%,,,,,,,,,Single Needle,"{""size"": 18.0, ""unit"": ""G""}",Rolling Drum,"{""rotationSpeed"": 900.0, ""rotationSpeedUnit"": ""rpm""}",26.0,kV,0.2,mL/h,12.0,cm,,,20.0,,47.0,%,True,,374.0,nm,152.0,nm,,,,,,,,,,,,,,,,,,
DOI:10.1002/polb.21380,108,False,PET,"[{""name"": ""PET""}]",True,TFA-DSM,"[{""name"": ""TFA""}, {""name"": ""DSM""}]",30.0,wt%,,,,,,,,,Single Needle,"{""size"": 18.0, ""unit"": ""G""}",Rolling Drum,"{""rotationSpeed"": 900.0, ""rotationSpeedUnit"": ""rpm""}",26.0,kV,0.2,mL/h,12.0,cm,,,20.0,,47.0,%,True,,625.0,nm,224.0,nm,,,,,,,,,,,,,,,,,,
DOI:10.1002/polb.21380,109,False,PET,"[{""name"": ""PET""}]",True,TFA-DSM,"[{""name"": ""TFA""}, {""name"": ""DSM""}]",10.0,wt%,,,,,,,,,Single Needle,"{""size"": 18.0, ""unit"": ""G""}",Rolling Drum,"{""rotationSpeed"": 900.0, ""rotationSpeedUnit"": ""rpm""}",26.0,kV,0.2,mL/h,12.0,cm,,,20.0,,47.0,%,True,,215.0,nm,56.0,nm,,,,,,,,,,,,,,,,,,
DOI:10.1002/polb.21380,110,False,PET,"[{""name"": ""PET""}]",True,TFA-DSM,"[{""name"": ""TFA""}, {""name"": ""DSM""}]",20.0,wt%,,,,,,,,,Single Needle,"{""size"": 18.0, ""unit"": ""G""}",Rolling Drum,"{""rotationSpeed"": 900.0, ""rotationSpeedUnit"": ""rpm""}",26.0,kV,0.2,mL/h,12.0,cm,,,20.0,,47.0,%,True,,420.0,nm,224.0,nm,,,,,,,,,,,,,,,,,,
DOI:10.1002/polb.21380,111,False,PET,"[{""name"": ""PET""}]",True,TFA-DSM,"[{""name"": ""TFA""}, {""name"": ""DSM""}]",30.0,wt%,,,,,,,,,Single Needle,"{""size"": 18.0, ""unit"": ""G""}",Rolling Drum,"{""rotationSpeed"": 900.0, ""rotationSpeedUnit"": ""rpm""}",26.0,kV,0.2,mL/h,12.0,cm,,,20.0,,47.0,%,True,,544.0,nm,325.0,nm,,,,,,,,,,,,,,,,,,
DOI:10.1002/polb.21380,112,False,PET,"[{""name"": ""PET""}]",False,TFA,"[{""name"": ""TFA""}]",10.0,wt%,,,,,,,,,Single Needle,"{""size"": 18.0, ""unit"": ""G""}",Rolling Drum,"{""rotationSpeed"": 900.0, ""rotationSpeedUnit"": ""rpm""}",26.0,kV,0.2,mL/h,12.0,cm,,,20.0,,47.0,%,True,,194.0,nm,48.0,nm,,,,,,,,,,,,,,,,,,
DOI:10.1002/polb.21380,113,False,PET,"[{""name"": ""PET""}]",False,TFA,"[{""name"": ""TFA""}]",20.0,wt%,,,,,,,,,Single Needle,"{""size"": 18.0, ""unit"": ""G""}",Rolling Drum,"{""rotationSpeed"": 900.0, ""rotationSpeedUnit"": ""rpm""}",26.0,kV,0.2,mL/h,12.0,cm,,,20.0,,47.0,%,True,,330.0,nm,146.0,nm,,,,,,,,,,,,,,,,,,
DOI:10.1002/polb.21380,114,False,PET,"[{""name"": ""PET""}]",False,TFA,"[{""name"": ""TFA""}]",30.0,wt%,,,,,,,,,Single Needle,"{""size"": 18.0, ""unit"": ""G""}",Rolling Drum,"{""rotationSpeed"": 900.0, ""rotationSpeedUnit"": ""rpm""}",26.0,kV,0.2,mL/h,12.0,cm,,,20.0,,47.0,%,True,,505.0,nm,383.0,nm,,,,,,,,,,,,,,,,,,
https://doi.org/10.1016/j.polymer.2014.06.032,115,False,PLA,"[{""name"": ""PLA""}]",True,AC-DMF,"[{""name"": ""AC""}, {""name"": ""DMF""}]",10.0,,,,,,,,,,Single Needle,"{""size"": 22.0, ""unit"": ""G""}",Flat,,20.0,kV,1.0,mL/h,15.0,cm,,,20.0,,45.0,%,True,,210.0,nm,36.0,nm,,,,,,,,,,,,,,,,,,
https://doi.org/10.1016/j.polymer.2014.06.032,116,False,PLA,"[{""name"": ""PLA""}]",True,AC-DMF,"[{""name"": ""AC""}, {""name"": ""DMF""}]",10.0,,,,,,,,,,Single Needle,"{""size"": 22.0, ""unit"": ""G""}",Flat,,20.0,kV,1.0,mL/h,15.0,cm,,,20.0,,45.0,%,True,,316.0,nm,69.0,nm,,,,,,,,,,,,,,,,,,
https://doi.org/10.1016/j.polymer.2014.06.032,117,False,PLA,"[{""name"": ""PLA""}]",True,AC-DMF,"[{""name"": ""AC""}, {""name"": ""DMF""}]",10.0,,,,,,,,,,Single Needle,"{""size"": 22.0, ""unit"": ""G""}",Flat,,20.0,kV,1.0,mL/h,15.0,cm,,,20.0,,45.0,%,True,,272.0,nm,58.0,nm,,,,,,,,,,,,,,,,,,
https://doi.org/10.1016/j.polymer.2014.06.032,118,False,PLA,"[{""name"": ""PLA""}]",True,AC-DMF,"[{""name"": ""AC""}, {""name"": ""DMF""}]",10.0,,,,,,,,,,Single Needle,"{""size"": 22.0, ""unit"": ""G""}",Flat,,20.0,kV,1.0,mL/h,15.0,cm,,,20.0,,45.0,%,True,,557.0,nm,176.0,nm,,,,,,,,,,,,,,,,,,
https://doi.org/10.1016/j.polymer.2014.06.032,119,False,PLA,"[{""name"": ""PLA""}]",True,AC-DMF,"[{""name"": ""AC""}, {""name"": ""DMF""}]",5.0,,,,,,,,,,Single Needle,"{""size"": 22.0, ""unit"": ""G""}",Flat,,20.0,kV,1.0,mL/h,15.0,cm,,,18.0,,45.0,%,True,,223.0,nm,57.0,nm,,,,,,,,,,,,,,,,,,
https://doi.org/10.1016/j.polymer.2014.06.032,120,False,PLA,"[{""name"": ""PLA""}]",True,AC-DMF,"[{""name"": ""AC""}, {""name"": ""DMF""}]",7.5,,,,,,,,,,Single Needle,"{""size"": 22.0, ""unit"": ""G""}",Flat,,20.0,kV,1.0,mL/h,15.0,cm,,,18.0,,45.0,%,True,,303.0,nm,88.0,nm,,,,,,,,,,,,,,,,,,
https://doi.org/10.1016/j.polymer.2014.06.032,121,False,PLA,"[{""name"": ""PLA""}]",True,AC-DMF,"[{""name"": ""AC""}, {""name"": ""DMF""}]",12.5,,,,,,,,,,Single Needle,"{""size"": 22.0, ""unit"": ""G""}",Flat,,20.0,kV,1.0,mL/h,15.0,cm,,,18.0,,45.0,%,True,,462.0,nm,125.0,nm,,,,,,,,,,,,,,,,,,
https://doi.org/10.1016/j.polymer.2014.06.032,122,False,PLA,"[{""name"": ""PLA""}]",True,AC-DMF,"[{""name"": ""AC""}, {""name"": ""DMF""}]",15.0,,,,,,,,,,Single Needle,"{""size"": 22.0, ""unit"": ""G""}",Flat,,20.0,kV,1.0,mL/h,15.0,cm,,,18.0,,45.0,%,True,,685.0,nm,206.0,nm,,,,,,,,,,,,,,,,,,
https://doi.org/10.1016/j.polymer.2008.09.025,123,False,PS,"[{""name"": ""PS""}]",False,DMF,"[{""name"": ""DMF""}]",10.0,,,,,,,,,,Single Needle,"{""size"": 26.0, ""unit"": ""G""}",Flat,,15.0,kV,1.0,mL/h,10.0,cm,,,22.0,,45.0,%,True,,481.0,nm,93.0,nm,,,,,,,,,,,,,,,,,,
https://doi.org/10.1016/j.polymer.2008.09.025,124,False,PS,"[{""name"": ""PS""}]",False,DMF,"[{""name"": ""DMF""}]",15.0,,,,,,,,,,Single Needle,"{""size"": 26.0, ""unit"": ""G""}",Flat,,15.0,kV,1.0,mL/h,10.0,cm,,,22.0,,45.0,%,True,,958.0,nm,200.0,nm,,,,,,,,,,,,,,,,,,
https://doi.org/10.1016/j.polymer.2008.09.025,125,False,PS,"[{""name"": ""PS""}]",False,DMF,"[{""name"": ""DMF""}]",20.0,,,,,,,,,,Single Needle,"{""size"": 26.0, ""unit"": ""G""}",Flat,,15.0,kV,1.0,mL/h,10.0,cm,,,22.0,,45.0,%,True,,1470.0,nm,256.0,nm,,,,,,,,,,,,,,,,,,
https://doi.org/10.1016/j.polymer.2008.09.025,126,False,PS,"[{""name"": ""PS""}]",False,DMF,"[{""name"": ""DMF""}]",10.0,,,,,,,,,,Single Needle,"{""size"": 26.0, ""unit"": ""G""}",Flat,,15.0,kV,1.0,mL/h,10.0,cm,,,22.0,,45.0,%,True,,373.0,nm,112.0,nm,,,,,,,,,,,,,,,,,,
https://doi.org/10.1016/j.polymer.2008.09.025,127,False,PS,"[{""name"": ""PS""}]",False,DMF,"[{""name"": ""DMF""}]",15.0,,,,,,,,,,Single Needle,"{""size"": 26.0, ""unit"": ""G""}",Flat,,15.0,kV,1.0,mL/h,10.0,cm,,,22.0,,45.0,%,True,,1229.0,nm,319.0,nm,,,,,,,,,,,,,,,,,,
https://doi.org/10.1016/j.polymer.2008.09.025,128,False,PS,"[{""name"": ""PS""}]",False,DMF,"[{""name"": ""DMF""}]",20.0,,,,,,,,,,Single Needle,"{""size"": 26.0, ""unit"": ""G""}",Flat,,15.0,kV,1.0,mL/h,10.0,cm,,,22.0,,45.0,%,True,,2370.0,nm,445.0,nm,,,,,,,,,,,,,,,,,,
https://doi.org/10.1016/j.polymer.2008.09.025,129,False,PS,"[{""name"": ""PS""}]",False,DMF,"[{""name"": ""DMF""}]",25.0,,,,,,,,,,Single Needle,"{""size"": 26.0, ""unit"": ""G""}",Flat,,15.0,kV,1.0,mL/h,10.0,cm,,,22.0,,45.0,%,True,,1882.0,nm,277.0,nm,,,,,,,,,,,,,,,,,,
https://doi.org/10.1016/j.polymer.2008.09.025,130,False,PS,"[{""name"": ""PS""}]",False,DMF,"[{""name"": ""DMF""}]",10.0,,,,,,,,,,Single Needle,"{""size"": 26.0, ""unit"": ""G""}",Flat,,15.0,kV,1.0,mL/h,10.0,cm,,,22.0,,45.0,%,True,,367.0,nm,120.0,nm,,,,,,,,,,,,,,,,,,
https://doi.org/10.1016/j.polymer.2008.09.025,131,False,PS,"[{""name"": ""PS""}]",False,DMF,"[{""name"": ""DMF""}]",15.0,,,,,,,,,,Single Needle,"{""size"": 26.0, ""unit"": ""G""}",Flat,,15.0,kV,1.0,mL/h,10.0,cm,,,22.0,,45.0,%,True,,922.0,nm,274.0,nm,,,,,,,,,,,,,,,,,,
https://doi.org/10.1016/j.polymer.2008.09.025,132,False,PS,"[{""name"": ""PS""}]",False,DMF,"[{""name"": ""DMF""}]",20.0,,,,,,,,,,Single Needle,"{""size"": 26.0, ""unit"": ""G""}",Flat,,15.0,kV,1.0,mL/h,10.0,cm,,,22.0,,45.0,%,True,,2788.0,nm,374.0,nm,,,,,,,,,,,,,,,,,,
https://doi.org/10.1016/j.polymer.2008.09.025,133,False,PS,"[{""name"": ""PS""}]",False,DMF,"[{""name"": ""DMF""}]",25.0,,,,,,,,,,Single Needle,"{""size"": 26.0, ""unit"": ""G""}",Flat,,15.0,kV,1.0,mL/h,10.0,cm,,,22.0,,45.0,%,True,,1872.0,nm,233.0,nm,,,,,,,,,,,,,,,,,,
https://doi.org/10.1016/j.polymer.2008.09.025,134,False,PS,"[{""name"": ""PS""}]",False,DMF,"[{""name"": ""DMF""}]",10.0,,,,,,,,,,Single Needle,"{""size"": 26.0, ""unit"": ""G""}",Flat,,15.0,kV,1.0,mL/h,10.0,cm,,,22.0,,45.0,%,True,,351.0,nm,97.0,nm,,,,,,,,,,,,,,,,,,
https://doi.org/10.1016/j.polymer.2008.09.025,135,False,PS,"[{""name"": ""PS""}]",False,DMF,"[{""name"": ""DMF""}]",15.0,,,,,,,,,,Single Needle,"{""size"": 26.0, ""unit"": ""G""}",Flat,,15.0,kV,1.0,mL/h,10.0,cm,,,22.0,,45.0,%,True,,942.0,nm,171.0,nm,,,,,,,,,,,,,,,,,,
https://doi.org/10.1016/j.polymer.2008.09.025,136,False,PS,"[{""name"": ""PS""}]",False,DMF,"[{""name"": ""DMF""}]",20.0,,,,,,,,,,Single Needle,"{""size"": 26.0, ""unit"": ""G""}",Flat,,15.0,kV,1.0,mL/h,10.0,cm,,,22.0,,45.0,%,True,,1376.0,nm,272.0,nm,,,,,,,,,,,,,,,,,,
https://doi.org/10.1016/j.polymer.2008.09.025,137,False,PS,"[{""name"": ""PS""}]",False,DMF,"[{""name"": ""DMF""}]",25.0,,,,,,,,,,Single Needle,"{""size"": 26.0, ""unit"": ""G""}",Flat,,15.0,kV,1.0,mL/h,10.0,cm,,,22.0,,45.0,%,True,,2661.0,nm,529.0,nm,,,,,,,,,,,,,,,,,,
https://doi.org/10.1016/j.polymer.2008.09.025,138,False,PS,"[{""name"": ""PS""}]",False,DMF,"[{""name"": ""DMF""}]",30.0,,,,,,,,,,Single Needle,"{""size"": 26.0, ""unit"": ""G""}",Flat,,15.0,kV,1.0,mL/h,10.0,cm,,,22.0,,45.0,%,True,,4284.0,nm,413.0,nm,,,,,,,,,,,,,,,,,,
https://doi.org/10.1016/j.polymer.2008.09.025,139,False,PS,"[{""name"": ""PS""}]",False,DMF,"[{""name"": ""DMF""}]",10.0,,,,,,,,,,Single Needle,"{""size"": 26.0, ""unit"": ""G""}",Flat,,15.0,kV,1.0,mL/h,10.0,cm,,,22.0,,45.0,%,True,,292.0,nm,48.0,nm,,,,,,,,,,,,,,,,,,
https://doi.org/10.1016/j.polymer.2008.09.025,140,False,PS,"[{""name"": ""PS""}]",False,DMF,"[{""name"": ""DMF""}]",15.0,,,,,,,,,,Single Needle,"{""size"": 26.0, ""unit"": ""G""}",Flat,,15.0,kV,1.0,mL/h,10.0,cm,,,22.0,,45.0,%,True,,942.0,nm,248.0,nm,,,,,,,,,,,,,,,,,,
https://doi.org/10.1016/j.polymer.2008.09.025,141,False,PS,"[{""name"": ""PS""}]",False,DMF,"[{""name"": ""DMF""}]",20.0,,,,,,,,,,Single Needle,"{""size"": 26.0, ""unit"": ""G""}",Flat,,15.0,kV,1.0,mL/h,10.0,cm,,,22.0,,45.0,%,True,,1534.0,nm,366.0,nm,,,,,,,,,,,,,,,,,,
https://doi.org/10.1016/j.polymer.2008.09.025,142,False,PS,"[{""name"": ""PS""}]",False,DMF,"[{""name"": ""DMF""}]",25.0,,,,,,,,,,Single Needle,"{""size"": 26.0, ""unit"": ""G""}",Flat,,15.0,kV,1.0,mL/h,10.0,cm,,,22.0,,45.0,%,True,,1656.0,nm,218.0,nm,,,,,,,,,,,,,,,,,,
https://doi.org/10.1016/j.polymer.2008.09.025,143,False,PS,"[{""name"": ""PS""}]",False,DMF,"[{""name"": ""DMF""}]",30.0,,,,,,,,,,Single Needle,"{""size"": 26.0, ""unit"": ""G""}",Flat,,15.0,kV,1.0,mL/h,10.0,cm,,,22.0,,45.0,%,True,,3803.0,nm,596.0,nm,,,,,,,,,,,,,,,,,,
https://doi.org/10.1016/j.polymer.2008.09.025,144,False,PS,"[{""name"": ""PS""}]",False,DMF,"[{""name"": ""DMF""}]",10.0,,,,,,,,,,Single Needle,"{""size"": 26.0, ""unit"": ""G""}",Flat,,15.0,kV,1.0,mL/h,10.0,cm,,,22.0,,45.0,%,True,,191.0,nm,35.0,nm,,,,,,,,,,,,,,,,,,
https://doi.org/10.1016/j.polymer.2008.09.025,145,False,PS,"[{""name"": ""PS""}]",False,DMF,"[{""name"": ""DMF""}]",15.0,,,,,,,,,,Single Needle,"{""size"": 26.0, ""unit"": ""G""}",Flat,,15.0,kV,1.0,mL/h,10.0,cm,,,22.0,,45.0,%,True,,443.0,nm,86.0,nm,,,,,,,,,,,,,,,,,,
https://doi.org/10.1016/j.polymer.2008.09.025,146,False,PS,"[{""name"": ""PS""}]",False,DMF,"[{""name"": ""DMF""}]",20.0,,,,,,,,,,Single Needle,"{""size"": 26.0, ""unit"": ""G""}",Flat,,15.0,kV,1.0,mL/h,10.0,cm,,,22.0,,45.0,%,True,,1017.0,nm,173.0,nm,,,,,,,,,,,,,,,,,,
https://doi.org/10.1016/j.polymer.2008.09.025,147,False,PS,"[{""name"": ""PS""}]",False,DMF,"[{""name"": ""DMF""}]",25.0,,,,,,,,,,Single Needle,"{""size"": 26.0, ""unit"": ""G""}",Flat,,15.0,kV,1.0,mL/h,10.0,cm,,,22.0,,45.0,%,True,,1552.0,nm,273.0,nm,,,,,,,,,,,,,,,,,,
https://doi.org/10.1016/j.polymer.2008.09.025,148,False,PS,"[{""name"": ""PS""}]",False,DMF,"[{""name"": ""DMF""}]",10.0,,,,,,,,,,Single Needle,"{""size"": 26.0, ""unit"": ""G""}",Flat,,15.0,kV,1.0,mL/h,10.0,cm,,,22.0,,45.0,%,True,,181.0,nm,46.0,nm,,,,,,,,,,,,,,,,,,
https://doi.org/10.1016/j.polymer.2008.09.025,149,False,PS,"[{""name"": ""PS""}]",False,DMF,"[{""name"": ""DMF""}]",15.0,,,,,,,,,,Single Needle,"{""size"": 26.0, ""unit"": ""G""}",Flat,,15.0,kV,1.0,mL/h,10.0,cm,,,22.0,,45.0,%,True,,490.0,nm,83.0,nm,,,,,,,,,,,,,,,,,,
https://doi.org/10.1002/adv.21947,150,False,PS,"[{""name"": ""PS""}]",False,DMF,"[{""name"": ""DMF""}]",18.0,wt%,,,,,,,,,Single Needle,"{""size"": 22.0, ""unit"": ""G""}",Flat,,17.0,kV,0.3,mL/h,16.0,cm,,,23.0,,45.0,%,True,,312.0,nm,,nm,,,,,,,,,,,,,,,,,,
https://doi.org/10.1002/adv.21947,151,False,PS,"[{""name"": ""PS""}]",False,DMF,"[{""name"": ""DMF""}]",18.0,wt%,,,,,,,,,Single Needle,"{""size"": 22.0, ""unit"": ""G""}",Rolling Drum,"{""rotationSpeed"": 20.0, ""rotationSpeedUnit"": ""rpm""}",14.0,kV,0.3,mL/h,20.0,cm,,,23.0,,45.0,%,True,,436.0,nm,,nm,,,,,,,,,,,,,,,,,,
https://doi.org/10.1002/adv.21947,152,False,PS,"[{""name"": ""PS""}]",False,DMF,"[{""name"": ""DMF""}]",18.0,wt%,,,,,,,,,Single Needle,"{""size"": 22.0, ""unit"": ""G""}",Rolling Drum,"{""rotationSpeed"": 20.0, ""rotationSpeedUnit"": ""rpm""}",17.0,kV,0.3,mL/h,16.0,cm,,,23.0,,45.0,%,True,,337.0,nm,,nm,,,,,,,,,,,,,,,,,,
https://doi.org/10.1002/adv.21947,153,False,PS,"[{""name"": ""PS""}]",False,DMF,"[{""name"": ""DMF""}]",18.0,wt%,,,,,,,,,Single Needle,"{""size"": 22.0, ""unit"": ""G""}",Rolling Drum,"{""rotationSpeed"": 20.0, ""rotationSpeedUnit"": ""rpm""}",17.0,kV,0.3,mL/h,16.0,cm,,,23.0,,45.0,%,True,,311.0,nm,,nm,,,,,,,,,,,,,,,,,,
https://doi.org/10.1002/adv.21947,154,False,PS,"[{""name"": ""PS""}]",False,DMF,"[{""name"": ""DMF""}]",18.0,wt%,,,,,,,,,Single Needle,"{""size"": 22.0, ""unit"": ""G""}",Rolling Drum,"{""rotationSpeed"": 20.0, ""rotationSpeedUnit"": ""rpm""}",17.0,kV,0.3,mL/h,16.0,cm,,,23.0,,45.0,%,True,,341.0,nm,,nm,,,,,,,,,,,,,,,,,,
https://doi.org/10.1002/adv.21947,155,False,PS,"[{""name"": ""PS""}]",False,DMF,"[{""name"": ""DMF""}]",21.0,wt%,,,,,,,,,Single Needle,"{""size"": 22.0, ""unit"": ""G""}",Rolling Drum,"{""rotationSpeed"": 20.0, ""rotationSpeedUnit"": ""rpm""}",14.0,kV,0.3,mL/h,16.0,cm,,,23.0,,45.0,%,True,,541.0,nm,,nm,,,,,,,,,,,,,,,,,,
https://doi.org/10.1002/adv.21947,156,False,PS,"[{""name"": ""PS""}]",False,DMF,"[{""name"": ""DMF""}]",18.0,wt%,,,,,,,,,Single Needle,"{""size"": 22.0, ""unit"": ""G""}",Rolling Drum,"{""rotationSpeed"": 20.0, ""rotationSpeedUnit"": ""rpm""}",17.0,kV,0.3,mL/h,16.0,cm,,,23.0,,45.0,%,True,,354.0,nm,,nm,,,,,,,,,,,,,,,,,,
https://doi.org/10.1002/adv.21947,157,False,PS,"[{""name"": ""PS""}]",False,DMF,"[{""name"": ""DMF""}]",18.0,wt%,,,,,,,,,Single Needle,"{""size"": 22.0, ""unit"": ""G""}",Rolling Drum,"{""rotationSpeed"": 20.0, ""rotationSpeedUnit"": ""rpm""}",17.0,kV,0.3,mL/h,12.0,cm,,,23.0,,45.0,%,True,,683.0,nm,,nm,,,,,,,,,,,,,,,,,,
https://doi.org/10.1002/adv.21947,158,False,PS,"[{""name"": ""PS""}]",False,DMF,"[{""name"": ""DMF""}]",15.0,wt%,,,,,,,,,Single Needle,"{""size"": 22.0, ""unit"": ""G""}",Rolling Drum,"{""rotationSpeed"": 20.0, ""rotationSpeedUnit"": ""rpm""}",14.0,kV,0.3,mL/h,12.0,cm,,,23.0,,45.0,%,True,,385.0,nm,,nm,,,,,,,,,,,,,,,,,,
https://doi.org/10.1002/adv.21947,159,False,PS,"[{""name"": ""PS""}]",False,DMF,"[{""name"": ""DMF""}]",15.0,wt%,,,,,,,,,Single Needle,"{""size"": 22.0, ""unit"": ""G""}",Rolling Drum,"{""rotationSpeed"": 20.0, ""rotationSpeedUnit"": ""rpm""}",20.0,kV,0.3,mL/h,12.0,cm,,,23.0,,45.0,%,True,,512.0,nm,,nm,,,,,,,,,,,,,,,,,,
https://doi.org/10.1002/adv.21947,160,False,PS,"[{""name"": ""PS""}]",False,DMF,"[{""name"": ""DMF""}]",15.0,wt%,,,,,,,,,Single Needle,"{""size"": 22.0, ""unit"": ""G""}",Rolling Drum,"{""rotationSpeed"": 20.0, ""rotationSpeedUnit"": ""rpm""}",17.0,kV,0.3,mL/h,20.0,cm,,,23.0,,45.0,%,True,,189.0,nm,,nm,,,,,,,,,,,,,,,,,,
https://doi.org/10.1002/adv.21947,161,False,PS,"[{""name"": ""PS""}]",False,DMF,"[{""name"": ""DMF""}]",18.0,wt%,,,,,,,,,Single Needle,"{""size"": 22.0, ""unit"": ""G""}",Rolling Drum,"{""rotationSpeed"": 20.0, ""rotationSpeedUnit"": ""rpm""}",14.0,kV,0.3,mL/h,16.0,cm,,,23.0,,45.0,%,True,,194.0,nm,,nm,,,,,,,,,,,,,,,,,,
https://doi.org/10.1002/adv.21947,162,False,PS,"[{""name"": ""PS""}]",False,DMF,"[{""name"": ""DMF""}]",15.0,wt%,,,,,,,,,Single Needle,"{""size"": 22.0, ""unit"": ""G""}",Rolling Drum,"{""rotationSpeed"": 20.0, ""rotationSpeedUnit"": ""rpm""}",20.0,kV,0.3,mL/h,16.0,cm,,,23.0,,45.0,%,True,,202.0,nm,,nm,,,,,,,,,,,,,,,,,,
https://doi.org/10.1002/adv.21947,163,False,PS,"[{""name"": ""PS""}]",False,DMF,"[{""name"": ""DMF""}]",18.0,wt%,,,,,,,,,Single Needle,"{""size"": 22.0, ""unit"": ""G""}",Rolling Drum,"{""rotationSpeed"": 20.0, ""rotationSpeedUnit"": ""rpm""}",20.0,kV,0.3,mL/h,20.0,cm,,,23.0,,45.0,%,True,,423.0,nm,,nm,,,,,,,,,,,,,,,,,,
https://doi.org/10.1002/adv.21947,164,False,PS,"[{""name"": ""PS""}]",False,DMF,"[{""name"": ""DMF""}]",15.0,wt%,,,,,,,,,Single Needle,"{""size"": 22.0, ""unit"": ""G""}",Rolling Drum,"{""rotationSpeed"": 20.0, ""rotationSpeedUnit"": ""rpm""}",17.0,kV,0.3,mL/h,12.0,cm,,,23.0,,45.0,%,True,,296.0,nm,,nm,,,,,,,,,,,,,,,,,,
https://doi.org/10.1002/adv.21947,165,False,PS,"[{""name"": ""PS""}]",False,DMF,"[{""name"": ""DMF""}]",21.0,wt%,,,,,,,,,Single Needle,"{""size"": 22.0, ""unit"": ""G""}",Rolling Drum,"{""rotationSpeed"": 20.0, ""rotationSpeedUnit"": ""rpm""}",17.0,kV,0.3,mL/h,20.0,cm,,,23.0,,45.0,%,True,,641.0,nm,,nm,,,,,,,,,,,,,,,,,,
https://doi.org/10.1002/adv.21947,166,False,PS,"[{""name"": ""PS""}]",False,DMF,"[{""name"": ""DMF""}]",21.0,wt%,,,,,,,,,Single Needle,"{""size"": 22.0, ""unit"": ""G""}",Rolling Drum,"{""rotationSpeed"": 20.0, ""rotationSpeedUnit"": ""rpm""}",20.0,kV,0.3,mL/h,16.0,cm,,,23.0,,45.0,%,True,,663.0,nm,,nm,,,,,,,,,,,,,,,,,,
https://doi.org/10.3390/ma8052718,167,False,PS,"[{""name"": ""PS""}]",False,DMF,"[{""name"": ""DMF""}]",23.0,wt%,,,,,,,,,Single Needle,"{""size"": 22.0, ""unit"": ""G""}",Rolling Drum,"{""rotationSpeed"": 80.0, ""rotationSpeedUnit"": ""rpm""}",15.0,kV,3.75,mL/h,15.0,cm,,,25.0,,13.0,%,True,,1200.0,nm,50.0,nm,,,,,,,,,,,,,,,,,,
https://doi.org/10.3390/nano11102514,168,False,PVA,"[{""name"": ""PVA""}]",False,DISTILLED_WATER,"[{""name"": ""DISTILLED_WATER""}]",8.0,wt%,,,,,,,,,Single Needle,"{""size"": 21.0, ""unit"": ""G""}",Rolling Drum,,20.0,kV,0.5,mL/h,10.0,cm,,,23.0,,45.0,%,True,,95.28,nm,12.05,nm,,,,,,,,,,,,,,,,,,
https://doi.org/10.3390/nano11102514,169,False,PVA,"[{""name"": ""PVA""}]",False,DISTILLED_WATER,"[{""name"": ""DISTILLED_WATER""}]",9.0,wt%,,,,,,,,,Single Needle,"{""size"": 21.0, ""unit"": ""G""}",Rolling Drum,,20.0,kV,0.5,mL/h,10.0,cm,,,23.0,,45.0,%,True,,126.07,nm,26.65,nm,,,,,,,,,,,,,,,,,,
https://doi.org/10.3390/nano11102514,170,False,PVA,"[{""name"": ""PVA""}]",False,DISTILLED_WATER,"[{""name"": ""DISTILLED_WATER""}]",10.0,wt%,,,,,,,,,Single Needle,"{""size"": 21.0, ""unit"": ""G""}",Rolling Drum,,20.0,kV,0.5,mL/h,10.0,cm,,,23.0,,45.0,%,True,,174.21,nm,23.57,nm,,,,,,,,,,,,,,,,,,
https://doi.org/10.3390/nano11102514,171,False,PVA,"[{""name"": ""PVA""}]",False,DISTILLED_WATER,"[{""name"": ""DISTILLED_WATER""}]",11.0,wt%,,,,,,,,,Single Needle,"{""size"": 21.0, ""unit"": ""G""}",Rolling Drum,,20.0,kV,0.5,mL/h,10.0,cm,,,23.0,,45.0,%,True,,147.91,nm,20.93,nm,,,,,,,,,,,,,,,,,,
https://doi.org/10.3390/nano11102514,172,False,PVA,"[{""name"": ""PVA""}]",False,DISTILLED_WATER,"[{""name"": ""DISTILLED_WATER""}]",12.0,wt%,,,,,,,,,Single Needle,"{""size"": 21.0, ""unit"": ""G""}",Rolling Drum,,20.0,kV,0.5,mL/h,10.0,cm,,,23.0,,45.0,%,True,,190.66,nm,22.84,nm,,,,,,,,,,,,,,,,,,
https://doi.org/10.3390/nano11102514,173,False,PVA,"[{""name"": ""PVA""}]",False,DISTILLED_WATER,"[{""name"": ""DISTILLED_WATER""}]",13.0,wt%,,,,,,,,,Single Needle,"{""size"": 21.0, ""unit"": ""G""}",Rolling Drum,,20.0,kV,0.5,mL/h,10.0,cm,,,23.0,,45.0,%,True,,266.7,nm,30.61,nm,,,,,,,,,,,,,,,,,,
https://doi.org/10.3390/nano11102514,174,False,PVA,"[{""name"": ""PVA""}]",False,DISTILLED_WATER,"[{""name"": ""DISTILLED_WATER""}]",14.0,wt%,,,,,,,,,Single Needle,"{""size"": 21.0, ""unit"": ""G""}",Rolling Drum,,20.0,kV,0.5,mL/h,10.0,cm,,,23.0,,45.0,%,True,,308.92,nm,33.74,nm,,,,,,,,,,,,,,,,,,
https://doi.org/10.3390/nano11102514,175,False,PVA,"[{""name"": ""PVA""}]",False,DISTILLED_WATER,"[{""name"": ""DISTILLED_WATER""}]",15.0,wt%,,,,,,,,,Single Needle,"{""size"": 21.0, ""unit"": ""G""}",Rolling Drum,,20.0,kV,0.5,mL/h,10.0,cm,,,23.0,,45.0,%,True,,479.46,nm,40.6,nm,,,,,,,,,,,,,,,,,,
https://doi.org/10.30684/etj.35.4A.5,176,False,PVA,"[{""name"": ""PVA""}]",False,WATER,"[{""name"": ""WATER""}]",10.0,wt%,,,,,,,,,Single Needle,"{""size"": 22.0, ""unit"": ""G""}",Flat,,15.0,kV,0.2,mL/h,4.0,cm,,,23.0,,45.0,%,True,,875.0,nm,,nm,,,,,,,,,,,,,,,,,,
https://doi.org/10.30684/etj.35.4A.5,177,False,PVA,"[{""name"": ""PVA""}]",False,WATER,"[{""name"": ""WATER""}]",10.0,wt%,,,,,,,,,Single Needle,"{""size"": 22.0, ""unit"": ""G""}",Flat,,15.0,kV,0.2,mL/h,8.0,cm,,,23.0,,45.0,%,True,,415.0,nm,,nm,,,,,,,,,,,,,,,,,,
https://doi.org/10.30684/etj.35.4A.5,178,False,PVA,"[{""name"": ""PVA""}]",False,WATER,"[{""name"": ""WATER""}]",10.0,wt%,,,,,,,,,Single Needle,"{""size"": 22.0, ""unit"": ""G""}",Flat,,15.0,kV,0.2,mL/h,12.0,cm,,,23.0,,45.0,%,True,,400.0,nm,,nm,,,,,,,,,,,,,,,,,,
https://doi.org/10.30684/etj.35.4A.5,179,False,PVA,"[{""name"": ""PVA""}]",False,WATER,"[{""name"": ""WATER""}]",10.0,wt%,,,,,,,,,Single Needle,"{""size"": 22.0, ""unit"": ""G""}",Flat,,15.0,kV,0.2,mL/h,15.0,cm,,,23.0,,45.0,%,True,,360.0,nm,,nm,,,,,,,,,,,,,,,,,,
https://doi.org/10.30684/etj.35.4A.5,180,False,PVA,"[{""name"": ""PVA""}]",False,WATER,"[{""name"": ""WATER""}]",10.0,wt%,,,,,,,,,Single Needle,"{""size"": 22.0, ""unit"": ""G""}",Flat,,15.0,kV,0.2,mL/h,20.0,cm,,,23.0,,45.0,%,True,,250.0,nm,,nm,,,,,,,,,,,,,,,,,,
https://doi.org/10.30684/etj.35.4A.5,181,False,PVA,"[{""name"": ""PVA""}]",False,WATER,"[{""name"": ""WATER""}]",10.0,wt%,,,,,,,,,Single Needle,"{""size"": 22.0, ""unit"": ""G""}",Flat,,15.0,kV,0.2,mL/h,22.0,cm,,,23.0,,45.0,%,True,,600.0,nm,,nm,,,,,,,,,,,,,,,,,,
https://doi.org/10.1002/jbm.b.33337,182,False,PVA,"[{""name"": ""PVA""}]",False,WATER,"[{""name"": ""WATER""}]",10.0,wt%,,,,,,,,,Single Needle,"{""size"": 18.0, ""unit"": ""G""}",Flat,,20.0,kV,1.0,mL/h,15.0,cm,,,,,45.0,%,True,,400.0,nm,100.0,nm,,,,,,,,,,,,,,,,,,
DOI:10.3390/nano14131083,183,False,PVA,"[{""name"": ""PVA""}]",False,DISTILLED_WATER,"[{""name"": ""DISTILLED_WATER""}]",8.0,wt%,,,,,,,,,Single Needle,"{""size"": 22.0, ""unit"": ""G""}",Flat,,10.0,kV,0.5,mL/h,12.0,cm,,,,,45.0,%,True,,473.0,nm,57.0,nm,,,,,,,,,,,,,,,,,,
https://doi.org/10.1016/j.eurpolymj.2004.10.027,184,False,PVA,"[{""name"": ""PVA""}]",False,WATER,"[{""name"": ""WATER""}]",7.4,wt%,,,,,,,,,Single Needle,"{""size"": 9.0, ""unit"": ""G""}",Flat,,5.0,kV,0.2,mL/h,15.0,cm,,,23.0,,45.0,%,True,,218.0,nm,20.0,nm,,,,,,,,,,,,,,,,,,
https://doi.org/10.1016/j.eurpolymj.2004.10.027,185,False,PVA,"[{""name"": ""PVA""}]",False,WATER,"[{""name"": ""WATER""}]",7.4,wt%,,,,,,,,,Single Needle,"{""size"": 9.0, ""unit"": ""G""}",Flat,,8.0,kV,0.2,mL/h,15.0,cm,,,23.0,,45.0,%,True,,241.0,nm,31.0,nm,,,,,,,,,,,,,,,,,,
https://doi.org/10.1016/j.eurpolymj.2004.10.027,186,False,PVA,"[{""name"": ""PVA""}]",False,WATER,"[{""name"": ""WATER""}]",7.4,wt%,,,,,,,,,Single Needle,"{""size"": 9.0, ""unit"": ""G""}",Flat,,10.0,kV,0.2,mL/h,15.0,cm,,,23.0,,45.0,%,True,,230.0,nm,63.0,nm,,,,,,,,,,,,,,,,,,
https://doi.org/10.1016/j.eurpolymj.2004.10.027,187,False,PVA,"[{""name"": ""PVA""}]",False,WATER,"[{""name"": ""WATER""}]",7.4,wt%,,,,,,,,,Single Needle,"{""size"": 9.0, ""unit"": ""G""}",Flat,,13.0,kV,0.2,mL/h,15.0,cm,,,23.0,,45.0,%,True,,254.0,nm,76.0,nm,,,,,,,,,,,,,,,,,,
https://doi.org/10.1016/j.eurpolymj.2004.10.027,188,False,PVA,"[{""name"": ""PVA""}]",False,WATER,"[{""name"": ""WATER""}]",6.0,wt%,,,,,,,,,Single Needle,"{""size"": 9.0, ""unit"": ""G""}",Flat,,8.0,kV,0.2,mL/h,15.0,cm,,,23.0,,45.0,%,True,,87.0,nm,14.0,nm,,,,,,,,,,,,,,,,,,
https://doi.org/10.1016/j.eurpolymj.2004.10.027,189,False,PVA,"[{""name"": ""PVA""}]",False,WATER,"[{""name"": ""WATER""}]",6.5,wt%,,,,,,,,,Single Needle,"{""size"": 9.0, ""unit"": ""G""}",Flat,,8.0,kV,0.2,mL/h,15.0,cm,,,23.0,,45.0,%,True,,152.0,nm,25.0,nm,,,,,,,,,,,,,,,,,,
https://doi.org/10.1016/j.eurpolymj.2004.10.027,190,False,PVA,"[{""name"": ""PVA""}]",False,WATER,"[{""name"": ""WATER""}]",7.0,wt%,,,,,,,,,Single Needle,"{""size"": 9.0, ""unit"": ""G""}",Flat,,8.0,kV,0.2,mL/h,15.0,cm,,,23.0,,45.0,%,True,,184.0,nm,26.0,nm,,,,,,,,,,,,,,,,,,
https://doi.org/10.1016/j.eurpolymj.2004.10.027,191,False,PVA,"[{""name"": ""PVA""}]",False,WATER,"[{""name"": ""WATER""}]",8.0,wt%,,,,,,,,,Single Needle,"{""size"": 9.0, ""unit"": ""G""}",Flat,,8.0,kV,0.2,mL/h,15.0,cm,,,23.0,,45.0,%,True,,246.0,nm,50.0,nm,,,,,,,,,,,,,,,,,,
https://doi.org/10.1016/j.eurpolymj.2004.10.027,192,False,PVA,"[{""name"": ""PVA""}]",False,WATER,"[{""name"": ""WATER""}]",8.0,wt%,,,,,,,,,Single Needle,"{""size"": 9.0, ""unit"": ""G""}",Flat,,5.0,kV,0.2,mL/h,10.0,cm,,,23.0,,45.0,%,True,,214.0,nm,19.0,nm,,,,,,,,,,,,,,,,,,
https://doi.org/10.1016/j.eurpolymj.2004.10.027,193,False,PVA,"[{""name"": ""PVA""}]",False,WATER,"[{""name"": ""WATER""}]",8.0,wt%,,,,,,,,,Single Needle,"{""size"": 9.0, ""unit"": ""G""}",Flat,,5.0,kV,0.2,mL/h,10.0,cm,,,23.0,,45.0,%,True,,190.0,nm,19.0,nm,,,,,,,,,,,,,,,,,,
https://doi.org/10.1016/j.eurpolymj.2004.10.027,194,False,PVA,"[{""name"": ""PVA""}]",False,WATER,"[{""name"": ""WATER""}]",8.0,wt%,,,,,,,,,Single Needle,"{""size"": 9.0, ""unit"": ""G""}",Flat,,5.0,kV,0.2,mL/h,10.0,cm,,,23.0,,45.0,%,True,,158.0,nm,19.0,nm,,,,,,,,,,,,,,,,,,
https://doi.org/10.1016/j.eurpolymj.2004.10.027,195,False,PVA,"[{""name"": ""PVA""}]",False,WATER,"[{""name"": ""WATER""}]",8.0,wt%,,,,,,,,,Single Needle,"{""size"": 9.0, ""unit"": ""G""}",Flat,,5.0,kV,0.2,mL/h,10.0,cm,,,23.0,,45.0,%,True,,159.0,nm,21.0,nm,,,,,,,,,,,,,,,,,,
https://doi.org/10.1016/j.molliq.2023.122819,196,False,PVA,"[{""name"": ""PVA""}]",False,WATER,"[{""name"": ""WATER""}]",5.0,wt%,,,,,,,,,Single Needle,"{""size"": 18.0, ""unit"": ""G""}",Flat,,17.75,kV,1.2,mL/h,15.0,cm,,,23.0,,26.0,%,True,,205.0,nm,30.0,nm,,,,,,,,,,,,,,,,,,
https://doi.org/10.1016/j.molliq.2023.122819,197,False,PVA,"[{""name"": ""PVA""}]",False,WATER,"[{""name"": ""WATER""}]",10.0,wt%,,,,,,,,,Single Needle,"{""size"": 18.0, ""unit"": ""G""}",Flat,,17.75,kV,1.2,mL/h,15.0,cm,,,23.0,,26.0,%,True,,696.0,nm,110.0,nm,,,,,,,,,,,,,,,,,,
https://doi.org/10.1016/j.molliq.2023.122819,198,False,PVA,"[{""name"": ""PVA""}]",False,WATER,"[{""name"": ""WATER""}]",15.0,wt%,,,,,,,,,Single Needle,"{""size"": 18.0, ""unit"": ""G""}",Flat,,17.75,kV,1.2,mL/h,15.0,cm,,,23.0,,26.0,%,True,,468.0,nm,71.0,nm,,,,,,,,,,,,,,,,,,
https://doi.org/10.1016/j.molliq.2023.122819,199,False,PVA,"[{""name"": ""PVA""}]",False,WATER,"[{""name"": ""WATER""}]",20.0,wt%,,,,,,,,,Single Needle,"{""size"": 18.0, ""unit"": ""G""}",Flat,,17.75,kV,1.2,mL/h,15.0,cm,,,23.0,,26.0,%,True,,170.0,nm,18.0,nm,,,,,,,,,,,,,,,,,,
https://doi.org/10.1016/j.molliq.2023.122819,200,False,PVA,"[{""name"": ""PVA""}]",False,WATER,"[{""name"": ""WATER""}]",25.0,wt%,,,,,,,,,Single Needle,"{""size"": 18.0, ""unit"": ""G""}",Flat,,17.75,kV,1.2,mL/h,15.0,cm,,,23.0,,26.0,%,True,,444.0,nm,31.0,nm,,,,,,,,,,,,,,,,,,
https://doi.org/10.1016/j.molliq.2023.122819,201,False,PVA,"[{""name"": ""PVA""}]",False,WATER,"[{""name"": ""WATER""}]",5.0,wt%,,,,,,,,,Single Needle,"{""size"": 18.0, ""unit"": ""G""}",Flat,,17.75,kV,1.2,mL/h,15.0,cm,,,23.0,,26.0,%,True,,571.0,nm,59.0,nm,,,,,,,,,,,,,,,,,,
https://doi.org/10.1016/j.molliq.2023.122819,202,False,PVA,"[{""name"": ""PVA""}]",False,WATER,"[{""name"": ""WATER""}]",10.0,wt%,,,,,,,,,Single Needle,"{""size"": 18.0, ""unit"": ""G""}",Flat,,17.75,kV,1.2,mL/h,15.0,cm,,,23.0,,26.0,%,True,,378.0,nm,33.0,nm,,,,,,,,,,,,,,,,,,
https://doi.org/10.1016/j.molliq.2023.122819,203,False,PVA,"[{""name"": ""PVA""}]",False,WATER,"[{""name"": ""WATER""}]",10.0,wt%,,,,,,,,,Single Needle,"{""size"": 18.0, ""unit"": ""G""}",Flat,,17.75,kV,1.2,mL/h,15.0,cm,,,23.0,,26.0,%,True,,458.0,nm,126.0,nm,,,,,,,,,,,,,,,,,,
https://doi.org/10.1016/j.molliq.2023.122819,204,False,PVP,"[{""name"": ""PVP""}]",False,WATER,"[{""name"": ""WATER""}]",20.0,wt%,,,,,,,,,Single Needle,"{""size"": 18.0, ""unit"": ""G""}",Flat,,17.75,kV,1.2,mL/h,15.0,cm,,,23.0,,26.0,%,True,,546.0,nm,47.0,nm,,,,,,,,,,,,,,,,,,
https://doi.org/10.1016/j.molliq.2023.122819,205,False,PVP,"[{""name"": ""PVP""}]",False,WATER,"[{""name"": ""WATER""}]",25.0,wt%,,,,,,,,,Single Needle,"{""size"": 18.0, ""unit"": ""G""}",Flat,,17.75,kV,1.2,mL/h,15.0,cm,,,23.0,,26.0,%,True,,460.0,nm,84.0,nm,,,,,,,,,,,,,,,,,,
https://doi.org/10.3390/nano10061221,206,False,PVDF,"[{""name"": ""PVDF""}]",True,DMSO-ACETONE,"[{""name"": ""DMSO""}, {""name"": ""ACETONE""}]",20.0,wt%,,,,,,,,,Single Needle,"{""size"": 17.0, ""unit"": ""G""}",Rolling Drum,"{""rotationSpeed"": 2000.0, ""rotationSpeedUnit"": ""rpm""}",25.0,kV,1.08,mL/h,20.0,cm,,,23.0,,45.0,%,True,,1343.0,nm,109.0,nm,,,,,,,,,,,,,,,,,,
https://doi.org/10.3390/nano10061221,207,False,PVDF,"[{""name"": ""PVDF""}]",True,DMSO-ACETONE,"[{""name"": ""DMSO""}, {""name"": ""ACETONE""}]",20.0,wt%,,,,,,,,,Single Needle,"{""size"": 17.0, ""unit"": ""G""}",Rolling Drum,"{""rotationSpeed"": 2000.0, ""rotationSpeedUnit"": ""rpm""}",25.0,kV,1.08,mL/h,25.0,cm,,,23.0,,45.0,%,True,,1292.0,nm,122.0,nm,,,,,,,,,,,,,,,,,,
https://doi.org/10.3390/nano10061221,208,False,PVDF,"[{""name"": ""PVDF""}]",True,DMSO-ACETONE,"[{""name"": ""DMSO""}, {""name"": ""ACETONE""}]",20.0,wt%,,,,,,,,,Single Needle,"{""size"": 17.0, ""unit"": ""G""}",Rolling Drum,"{""rotationSpeed"": 2000.0, ""rotationSpeedUnit"": ""rpm""}",35.0,kV,1.08,mL/h,15.0,cm,,,23.0,,45.0,%,True,,958.0,nm,64.0,nm,,,,,,,,,,,,,,,,,,
https://doi.org/10.3390/nano10061221,209,False,PVDF,"[{""name"": ""PVDF""}]",True,DMSO-ACETONE,"[{""name"": ""DMSO""}, {""name"": ""ACETONE""}]",20.0,wt%,,,,,,,,,Single Needle,"{""size"": 17.0, ""unit"": ""G""}",Rolling Drum,"{""rotationSpeed"": 2000.0, ""rotationSpeedUnit"": ""rpm""}",35.0,kV,1.08,mL/h,20.0,cm,,,23.0,,45.0,%,True,,1026.0,nm,90.0,nm,,,,,,,,,,,,,,,,,,
https://doi.org/10.3390/nano10061221,210,False,PVDF,"[{""name"": ""PVDF""}]",True,DMSO-ACETONE,"[{""name"": ""DMSO""}, {""name"": ""ACETONE""}]",20.0,wt%,,,,,,,,,Single Needle,"{""size"": 17.0, ""unit"": ""G""}",Rolling Drum,"{""rotationSpeed"": 2000.0, ""rotationSpeedUnit"": ""rpm""}",35.0,kV,1.08,mL/h,25.0,cm,,,23.0,,45.0,%,True,,994.0,nm,127.0,nm,,,,,,,,,,,,,,,,,,
https://doi.org/10.3390/nano10061221,211,False,PVDF,"[{""name"": ""PVDF""}]",True,DMSO-ACETONE,"[{""name"": ""DMSO""}, {""name"": ""ACETONE""}]",20.0,wt%,,,,,,,,,Single Needle,"{""size"": 17.0, ""unit"": ""G""}",Rolling Drum,"{""rotationSpeed"": 2000.0, ""rotationSpeedUnit"": ""rpm""}",45.0,kV,1.08,mL/h,15.0,cm,,,23.0,,45.0,%,True,,1169.0,nm,58.0,nm,,,,,,,,,,,,,,,,,,
https://doi.org/10.3390/nano10061221,212,False,PVDF,"[{""name"": ""PVDF""}]",True,DMSO-ACETONE,"[{""name"": ""DMSO""}, {""name"": ""ACETONE""}]",20.0,wt%,,,,,,,,,Single Needle,"{""size"": 17.0, ""unit"": ""G""}",Rolling Drum,"{""rotationSpeed"": 2000.0, ""rotationSpeedUnit"": ""rpm""}",45.0,kV,1.08,mL/h,20.0,cm,,,23.0,,45.0,%,True,,1392.0,nm,75.0,nm,,,,,,,,,,,,,,,,,,
https://doi.org/10.3390/nano10061221,213,False,PVDF,"[{""name"": ""PVDF""}]",True,DMSO-ACETONE,"[{""name"": ""DMSO""}, {""name"": ""ACETONE""}]",20.0,wt%,,,,,,,,,Single Needle,"{""size"": 17.0, ""unit"": ""G""}",Rolling Drum,"{""rotationSpeed"": 2000.0, ""rotationSpeedUnit"": ""rpm""}",45.0,kV,1.08,mL/h,25.0,cm,,,23.0,,45.0,%,True,,1012.0,nm,82.0,nm,,,,,,,,,,,,,,,,,,
https://doi.org/10.3390/nano10061221,214,False,PVDF,"[{""name"": ""PVDF""}]",True,DMSO-ACETONE,"[{""name"": ""DMSO""}, {""name"": ""ACETONE""}]",20.0,wt%,,,,,,,,,Single Needle,"{""size"": 17.0, ""unit"": ""G""}",Rolling Drum,"{""rotationSpeed"": 2000.0, ""rotationSpeedUnit"": ""rpm""}",50.0,kV,1.08,mL/h,15.0,cm,,,23.0,,45.0,%,True,,709.0,nm,42.0,nm,,,,,,,,,,,,,,,,,,
https://doi.org/10.3390/nano10061221,215,False,PVDF,"[{""name"": ""PVDF""}]",True,DMSO-ACETONE,"[{""name"": ""DMSO""}, {""name"": ""ACETONE""}]",20.0,wt%,,,,,,,,,Single Needle,"{""size"": 17.0, ""unit"": ""G""}",Rolling Drum,"{""rotationSpeed"": 2000.0, ""rotationSpeedUnit"": ""rpm""}",50.0,kV,1.08,mL/h,20.0,cm,,,23.0,,45.0,%,True,,678.0,nm,39.0,nm,,,,,,,,,,,,,,,,,,
https://doi.org/10.3390/nano10061221,216,False,PVDF,"[{""name"": ""PVDF""}]",True,DMSO-ACETONE,"[{""name"": ""DMSO""}, {""name"": ""ACETONE""}]",20.0,wt%,,,,,,,,,Single Needle,"{""size"": 17.0, ""unit"": ""G""}",Rolling Drum,"{""rotationSpeed"": 2000.0, ""rotationSpeedUnit"": ""rpm""}",50.0,kV,1.08,mL/h,25.0,cm,,,23.0,,45.0,%,True,,666.0,nm,44.0,nm,,,,,,,,,,,,,,,,,,
https://doi.org/10.3390/nano10061221,217,False,PVDF,"[{""name"": ""PVDF""}]",True,DMSO-ACETONE,"[{""name"": ""DMSO""}, {""name"": ""ACETONE""}]",20.0,wt%,,,,,,,,,Single Needle,,Rolling Drum,"{""rotationSpeed"": 2000.0, ""rotationSpeedUnit"": ""rpm""}",25.0,kV,1.08,mL/h,20.0,cm,,,,,45.0,%,True,,1343.0,nm,,nm,,,,,,,,,,,,,,,,,,
https://doi.org/10.3390/nano10061221,218,False,PVDF,"[{""name"": ""PVDF""}]",True,DMSO-ACETONE,"[{""name"": ""DMSO""}, {""name"": ""ACETONE""}]",20.0,wt%,,,,,,,,,Single Needle,,Rolling Drum,"{""rotationSpeed"": 2000.0, ""rotationSpeedUnit"": ""rpm""}",25.0,kV,1.08,mL/h,25.0,cm,,,,,45.0,%,True,,1292.0,nm,,nm,,,,,,,,,,,,,,,,,,
https://doi.org/10.3390/nano10061221,219,False,PVDF,"[{""name"": ""PVDF""}]",True,DMSO-ACETONE,"[{""name"": ""DMSO""}, {""name"": ""ACETONE""}]",20.0,wt%,,,,,,,,,Single Needle,,Rolling Drum,"{""rotationSpeed"": 2000.0, ""rotationSpeedUnit"": ""rpm""}",35.0,kV,1.08,mL/h,15.0,cm,,,,,45.0,%,True,,958.0,nm,,nm,,,,,,,,,,,,,,,,,,
https://doi.org/10.3390/nano10061221,220,False,PVDF,"[{""name"": ""PVDF""}]",True,DMSO-ACETONE,"[{""name"": ""DMSO""}, {""name"": ""ACETONE""}]",20.0,wt%,,,,,,,,,Single Needle,,Rolling Drum,"{""rotationSpeed"": 2000.0, ""rotationSpeedUnit"": ""rpm""}",35.0,kV,1.08,mL/h,20.0,cm,,,,,45.0,%,True,,1026.0,nm,,nm,,,,,,,,,,,,,,,,,,
https://doi.org/10.3390/nano10061221,221,False,PVDF,"[{""name"": ""PVDF""}]",True,DMSO-ACETONE,"[{""name"": ""DMSO""}, {""name"": ""ACETONE""}]",20.0,wt%,,,,,,,,,Single Needle,,Rolling Drum,"{""rotationSpeed"": 2000.0, ""rotationSpeedUnit"": ""rpm""}",35.0,kV,1.08,mL/h,25.0,cm,,,,,45.0,%,True,,994.0,nm,,nm,,,,,,,,,,,,,,,,,,
https://doi.org/10.3390/nano10061221,222,False,PVDF,"[{""name"": ""PVDF""}]",True,DMSO-ACETONE,"[{""name"": ""DMSO""}, {""name"": ""ACETONE""}]",20.0,wt%,,,,,,,,,Single Needle,,Rolling Drum,"{""rotationSpeed"": 2000.0, ""rotationSpeedUnit"": ""rpm""}",45.0,kV,1.08,mL/h,15.0,cm,,,,,45.0,%,True,,1169.0,nm,,nm,,,,,,,,,,,,,,,,,,
https://doi.org/10.3390/nano10061221,223,False,PVDF,"[{""name"": ""PVDF""}]",True,DMSO-ACETONE,"[{""name"": ""DMSO""}, {""name"": ""ACETONE""}]",20.0,wt%,,,,,,,,,Single Needle,,Rolling Drum,"{""rotationSpeed"": 2000.0, ""rotationSpeedUnit"": ""rpm""}",45.0,kV,1.08,mL/h,20.0,cm,,,,,45.0,%,True,,1392.0,nm,,nm,,,,,,,,,,,,,,,,,,
https://doi.org/10.3390/nano10061221,224,False,PVDF,"[{""name"": ""PVDF""}]",True,DMSO-ACETONE,"[{""name"": ""DMSO""}, {""name"": ""ACETONE""}]",20.0,wt%,,,,,,,,,Single Needle,,Rolling Drum,"{""rotationSpeed"": 2000.0, ""rotationSpeedUnit"": ""rpm""}",45.0,kV,1.08,mL/h,25.0,cm,,,,,45.0,%,True,,1012.0,nm,,nm,,,,,,,,,,,,,,,,,,
https://doi.org/10.3390/nano10061221,225,False,PVDF,"[{""name"": ""PVDF""}]",True,DMSO-ACETONE,"[{""name"": ""DMSO""}, {""name"": ""ACETONE""}]",20.0,wt%,,,,,,,,,Single Needle,,Rolling Drum,"{""rotationSpeed"": 2000.0, ""rotationSpeedUnit"": ""rpm""}",50.0,kV,1.08,mL/h,15.0,cm,,,,,45.0,%,True,,709.0,nm,,nm,,,,,,,,,,,,,,,,,,
https://doi.org/10.3390/nano10061221,226,False,PVDF,"[{""name"": ""PVDF""}]",True,DMSO-ACETONE,"[{""name"": ""DMSO""}, {""name"": ""ACETONE""}]",20.0,wt%,,,,,,,,,Single Needle,,Rolling Drum,"{""rotationSpeed"": 2000.0, ""rotationSpeedUnit"": ""rpm""}",50.0,kV,1.08,mL/h,20.0,cm,,,,,45.0,%,True,,678.0,nm,,nm,,,,,,,,,,,,,,,,,,
https://doi.org/10.3390/nano10061221,227,False,PVDF,"[{""name"": ""PVDF""}]",True,DMSO-ACETONE,"[{""name"": ""DMSO""}, {""name"": ""ACETONE""}]",20.0,wt%,,,,,,,,,Single Needle,,Rolling Drum,"{""rotationSpeed"": 2000.0, ""rotationSpeedUnit"": ""rpm""}",50.0,kV,1.08,mL/h,25.0,cm,,,,,45.0,%,True,,666.0,nm,,nm,,,,,,,,,,,,,,,,,,
https://doi.org/10.3390/nano10061221,228,False,PVDF,"[{""name"": ""PVDF""}]",True,DMSO-ACETONE,"[{""name"": ""DMSO""}, {""name"": ""ACETONE""}]",20.0,wt%,,,,,,,,,Single Needle,,Rolling Drum,"{""rotationSpeed"": 2000.0, ""rotationSpeedUnit"": ""rpm""}",10.0,kV,1.08,mL/h,15.0,cm,,,,,45.0,%,False,,,nm,,nm,,,,,,,,,,,,,,,,,,
https://doi.org/10.3390/nano10061221,229,False,PVDF,"[{""name"": ""PVDF""}]",True,DMSO-ACETONE,"[{""name"": ""DMSO""}, {""name"": ""ACETONE""}]",20.0,wt%,,,,,,,,,Single Needle,,Rolling Drum,"{""rotationSpeed"": 2000.0, ""rotationSpeedUnit"": ""rpm""}",10.0,kV,1.08,mL/h,20.0,cm,,,,,45.0,%,False,,,nm,,nm,,,,,,,,,,,,,,,,,,
https://doi.org/10.3390/nano10061221,230,False,PVDF,"[{""name"": ""PVDF""}]",True,DMSO-ACETONE,"[{""name"": ""DMSO""}, {""name"": ""ACETONE""}]",20.0,wt%,,,,,,,,,Single Needle,,Rolling Drum,"{""rotationSpeed"": 2000.0, ""rotationSpeedUnit"": ""rpm""}",10.0,kV,1.08,mL/h,25.0,cm,,,,,45.0,%,False,,,nm,,nm,,,,,,,,,,,,,,,,,,
https://doi.org/10.3390/nano10061221,231,False,PVDF,"[{""name"": ""PVDF""}]",True,DMSO-ACETONE,"[{""name"": ""DMSO""}, {""name"": ""ACETONE""}]",20.0,wt%,,,,,,,,,Single Needle,,Rolling Drum,"{""rotationSpeed"": 2000.0, ""rotationSpeedUnit"": ""rpm""}",25.0,kV,1.08,mL/h,15.0,cm,,,,,45.0,%,False,,,nm,,nm,,,,,,,,,,,,,,,,,,
https://doi.org/10.1016/j.memsci.2018.06.050,232,False,PVDF,"[{""name"": ""PVDF""}]",True,DMF-ACETONE,"[{""name"": ""DMF""}, {""name"": ""ACETONE""}]",10.0,wt%,,,,,,,,,Single Needle,"{""size"": 22.0, ""unit"": ""G""}",Rolling Drum,"{""rotationSpeed"": 250.0, ""rotationSpeedUnit"": ""rpm""}",11.5,kV,0.8,mL/h,18.0,cm,,,23.0,,45.0,%,True,,415.0,nm,139.0,nm,,,,,,,,,,,,,,,,,,
https://doi.org/10.1016/j.memsci.2018.06.050,233,False,PVDF,"[{""name"": ""PVDF""}]",True,DMSO-ACETONE,"[{""name"": ""DMSO""}, {""name"": ""ACETONE""}]",10.0,wt%,,,,,,,,,Single Needle,"{""size"": 22.0, ""unit"": ""G""}",Rolling Drum,"{""rotationSpeed"": 250.0, ""rotationSpeedUnit"": ""rpm""}",11.5,kV,0.8,mL/h,18.0,cm,,,23.0,,45.0,%,True,,625.0,nm,113.0,nm,,,,,,,,,,,,,,,,,,
https://doi.org/10.1016/j.memsci.2018.06.050,234,False,PVDF,"[{""name"": ""PVDF""}]",True,NMP-ACETONE,"[{""name"": ""NMP""}, {""name"": ""ACETONE""}]",10.0,wt%,,,,,,,,,Single Needle,"{""size"": 22.0, ""unit"": ""G""}",Rolling Drum,"{""rotationSpeed"": 250.0, ""rotationSpeedUnit"": ""rpm""}",11.5,kV,0.8,mL/h,18.0,cm,,,23.0,,45.0,%,True,,521.0,nm,313.0,nm,,,,,,,,,,,,,,,,,,
https://doi.org/10.1016/j.memsci.2018.06.050,235,False,PVDF,"[{""name"": ""PVDF""}]",True,DMSO-ACETONE,"[{""name"": ""DMSO""}, {""name"": ""ACETONE""}]",10.0,wt%,,,,,,,,,Single Needle,,Rolling Drum,"{""rotationSpeed"": 250.0, ""rotationSpeedUnit"": ""rpm""}",11.5,kV,0.8,mL/h,18.0,cm,,,,,45.0,%,True,,625.0,nm,,nm,,,,,,,,,,,,,,,,,,
https://doi.org/10.1016/j.memsci.2018.06.050,236,False,PVDF,"[{""name"": ""PVDF""}]",True,DMF-ACETONE,"[{""name"": ""DMF""}, {""name"": ""ACETONE""}]",10.0,wt%,,,,,,,,,Single Needle,,Rolling Drum,"{""rotationSpeed"": 250.0, ""rotationSpeedUnit"": ""rpm""}",11.5,kV,0.8,mL/h,18.0,cm,,,,,45.0,%,True,,415.0,nm,,nm,,,,,,,,,,,,,,,,,,
https://doi.org/10.1016/j.memsci.2018.06.050,237,False,PVDF,"[{""name"": ""PVDF""}]",True,NMP-ACETONE,"[{""name"": ""NMP""}, {""name"": ""ACETONE""}]",10.0,wt%,,,,,,,,,Single Needle,,Rolling Drum,"{""rotationSpeed"": 250.0, ""rotationSpeedUnit"": ""rpm""}",11.5,kV,0.8,mL/h,18.0,cm,,,,,45.0,%,True,,521.0,nm,,nm,,,,,,,,,,,,,,,,,,
doi:10.1016/j.compositesb.2019.01.094,238,False,PVP,"[{""name"": ""PVP""}]",False,ETHANOL,"[{""name"": ""ETHANOL""}]",14.0,wt%,,,,,,,,,Single Needle,"{""size"": 22.0, ""unit"": ""G""}",Flat,,10.0,kV,4.0,mL/h,18.0,cm,,,,,45.0,%,True,,1407.0,nm,,nm,,,,,,,,,,,,,,,,,,
doi:10.1016/j.compositesb.2019.01.094,239,False,PVP,"[{""name"": ""PVP""}]",False,ETHANOL,"[{""name"": ""ETHANOL""}]",10.0,wt%,,,,,,,,,Single Needle,"{""size"": 22.0, ""unit"": ""G""}",Flat,,16.0,kV,10.0,mL/h,14.0,cm,,,,,45.0,%,True,,308.0,nm,,nm,,,,,,,,,,,,,,,,,,
doi:10.1016/j.compositesb.2019.01.094,240,False,PVP,"[{""name"": ""PVP""}]",False,ETHANOL,"[{""name"": ""ETHANOL""}]",14.0,wt%,,,,,,,,,Single Needle,"{""size"": 22.0, ""unit"": ""G""}",Flat,,22.0,kV,4.0,mL/h,10.0,cm,,,,,45.0,%,True,,634.0,nm,,nm,,,,,,,,,,,,,,,,,,
doi:10.1016/j.compositesb.2019.01.094,241,False,PVP,"[{""name"": ""PVP""}]",False,ETHANOL,"[{""name"": ""ETHANOL""}]",6.0,wt%,,,,,,,,,Single Needle,"{""size"": 22.0, ""unit"": ""G""}",Flat,,22.0,kV,4.0,mL/h,10.0,cm,,,,,45.0,%,True,,236.0,nm,,nm,,,,,,,,,,,,,,,,,,
doi:10.1016/j.compositesb.2019.01.094,242,False,PVP,"[{""name"": ""PVP""}]",False,ETHANOL,"[{""name"": ""ETHANOL""}]",14.0,wt%,,,,,,,,,Single Needle,"{""size"": 22.0, ""unit"": ""G""}",Flat,,10.0,kV,16.0,mL/h,10.0,cm,,,,,45.0,%,True,,7311.0,nm,,nm,,,,,,,,,,,,,,,,,,
doi:10.1016/j.compositesb.2019.01.094,243,False,PVP,"[{""name"": ""PVP""}]",False,ETHANOL,"[{""name"": ""ETHANOL""}]",6.0,wt%,,,,,,,,,Single Needle,"{""size"": 22.0, ""unit"": ""G""}",Flat,,22.0,kV,16.0,mL/h,10.0,cm,,,,,45.0,%,True,,168.0,nm,,nm,,,,,,,,,,,,,,,,,,
doi:10.1016/j.compositesb.2019.01.094,244,False,PVP,"[{""name"": ""PVP""}]",False,ETHANOL,"[{""name"": ""ETHANOL""}]",6.0,wt%,,,,,,,,,Single Needle,"{""size"": 22.0, ""unit"": ""G""}",Flat,,22.0,kV,4.0,mL/h,18.0,cm,,,,,45.0,%,True,,144.0,nm,,nm,,,,,,,,,,,,,,,,,,
doi:10.1016/j.compositesb.2019.01.094,245,False,PVP,"[{""name"": ""PVP""}]",False,ETHANOL,"[{""name"": ""ETHANOL""}]",14.0,wt%,,,,,,,,,Single Needle,"{""size"": 22.0, ""unit"": ""G""}",Flat,,22.0,kV,4.0,mL/h,10.0,cm,,,,,45.0,%,True,,2241.0,nm,,nm,,,,,,,,,,,,,,,,,,
doi:10.1016/j.compositesb.2019.01.094,246,False,PVP,"[{""name"": ""PVP""}]",False,ETHANOL,"[{""name"": ""ETHANOL""}]",6.0,wt%,,,,,,,,,Single Needle,"{""size"": 22.0, ""unit"": ""G""}",Flat,,10.0,kV,16.0,mL/h,18.0,cm,,,,,45.0,%,True,,83.0,nm,,nm,,,,,,,,,,,,,,,,,,
doi:10.1016/j.compositesb.2019.01.094,247,False,PVP,"[{""name"": ""PVP""}]",False,ETHANOL,"[{""name"": ""ETHANOL""}]",6.0,wt%,,,,,,,,,Single Needle,"{""size"": 22.0, ""unit"": ""G""}",Flat,,10.0,kV,16.0,mL/h,10.0,cm,,,,,45.0,%,True,,247.0,nm,,nm,,,,,,,,,,,,,,,,,,
doi:10.1016/j.compositesb.2019.01.094,248,False,PVP,"[{""name"": ""PVP""}]",False,ETHANOL,"[{""name"": ""ETHANOL""}]",10.0,wt%,,,,,,,,,Single Needle,"{""size"": 22.0, ""unit"": ""G""}",Flat,,16.0,kV,10.0,mL/h,14.0,cm,,,,,45.0,%,True,,288.0,nm,,nm,,,,,,,,,,,,,,,,,,
doi:10.1016/j.compositesb.2019.01.094,249,False,PVP,"[{""name"": ""PVP""}]",False,ETHANOL,"[{""name"": ""ETHANOL""}]",10.0,wt%,,,,,,,,,Single Needle,"{""size"": 22.0, ""unit"": ""G""}",Flat,,16.0,kV,10.0,mL/h,14.0,cm,,,,,45.0,%,True,,354.0,nm,,nm,,,,,,,,,,,,,,,,,,
doi:10.1016/j.compositesb.2019.01.094,250,False,PVP,"[{""name"": ""PVP""}]",False,ETHANOL,"[{""name"": ""ETHANOL""}]",10.0,wt%,,,,,,,,,Single Needle,"{""size"": 22.0, ""unit"": ""G""}",Flat,,16.0,kV,10.0,mL/h,14.0,cm,,,,,45.0,%,True,,1122.0,nm,,nm,,,,,,,,,,,,,,,,,,
doi:10.1016/j.compositesb.2019.01.094,251,False,PVP,"[{""name"": ""PVP""}]",False,ETHANOL,"[{""name"": ""ETHANOL""}]",14.0,wt%,,,,,,,,,Single Needle,"{""size"": 22.0, ""unit"": ""G""}",Flat,,22.0,kV,16.0,mL/h,10.0,cm,,,,,45.0,%,True,,1002.0,nm,,nm,,,,,,,,,,,,,,,,,,
doi:10.1016/j.compositesb.2019.01.094,252,False,PVP,"[{""name"": ""PVP""}]",False,ETHANOL,"[{""name"": ""ETHANOL""}]",6.0,wt%,,,,,,,,,Single Needle,"{""size"": 22.0, ""unit"": ""G""}",Flat,,22.0,kV,16.0,mL/h,18.0,cm,,,,,45.0,%,True,,203.0,nm,,nm,,,,,,,,,,,,,,,,,,
doi:10.1016/j.compositesb.2019.01.094,253,False,PVP,"[{""name"": ""PVP""}]",False,ETHANOL,"[{""name"": ""ETHANOL""}]",14.0,wt%,,,,,,,,,Single Needle,"{""size"": 22.0, ""unit"": ""G""}",Flat,,10.0,kV,16.0,mL/h,10.0,cm,,,,,45.0,%,True,,4948.0,nm,,nm,,,,,,,,,,,,,,,,,,
doi:10.1016/j.compositesb.2019.01.094,254,False,PVP,"[{""name"": ""PVP""}]",False,ETHANOL,"[{""name"": ""ETHANOL""}]",6.0,wt%,,,,,,,,,Single Needle,"{""size"": 22.0, ""unit"": ""G""}",Flat,,22.0,kV,4.0,mL/h,10.0,cm,,,,,45.0,%,True,,207.0,nm,,nm,,,,,,,,,,,,,,,,,,
doi:10.1016/j.compositesb.2019.01.094,255,False,PVP,"[{""name"": ""PVP""}]",False,ETHANOL,"[{""name"": ""ETHANOL""}]",14.0,wt%,,,,,,,,,Single Needle,"{""size"": 22.0, ""unit"": ""G""}",Flat,,22.0,kV,16.0,mL/h,18.0,cm,,,,,45.0,%,True,,2329.0,nm,,nm,,,,,,,,,,,,,,,,,,
doi:10.1016/j.compositesb.2019.01.094,256,False,PVP,"[{""name"": ""PVP""}]",False,ETHANOL,"[{""name"": ""ETHANOL""}]",6.0,wt%,,,,,,,,,Single Needle,"{""size"": 22.0, ""unit"": ""G""}",Flat,,22.0,kV,4.0,mL/h,18.0,cm,,,,,45.0,%,True,,209.0,nm,,nm,,,,,,,,,,,,,,,,,,
doi:10.1016/j.compositesb.2019.01.094,257,False,PVP,"[{""name"": ""PVP""}]",False,ETHANOL,"[{""name"": ""ETHANOL""}]",14.0,wt%,,,,,,,,,Single Needle,"{""size"": 22.0, ""unit"": ""G""}",Flat,,22.0,kV,4.0,mL/h,18.0,cm,,,,,45.0,%,True,,6285.0,nm,,nm,,,,,,,,,,,,,,,,,,
doi:10.1016/j.compositesb.2019.01.094,258,False,PVP,"[{""name"": ""PVP""}]",False,ETHANOL,"[{""name"": ""ETHANOL""}]",10.0,wt%,,,,,,,,,Single Needle,"{""size"": 22.0, ""unit"": ""G""}",Flat,,16.0,kV,10.0,mL/h,14.0,cm,,,,,45.0,%,True,,349.0,nm,,nm,,,,,,,,,,,,,,,,,,
doi:10.1016/j.compositesb.2019.01.094,259,False,PVP,"[{""name"": ""PVP""}]",False,ETHANOL,"[{""name"": ""ETHANOL""}]",18.0,wt%,,,,,,,,,Single Needle,"{""size"": 22.0, ""unit"": ""G""}",Flat,,16.0,kV,10.0,mL/h,14.0,cm,,,,,45.0,%,True,,9823.0,nm,,nm,,,,,,,,,,,,,,,,,,
doi:10.1016/j.compositesb.2019.01.094,260,False,PVP,"[{""name"": ""PVP""}]",False,ETHANOL,"[{""name"": ""ETHANOL""}]",10.0,wt%,,,,,,,,,Single Needle,"{""size"": 22.0, ""unit"": ""G""}",Flat,,16.0,kV,10.0,mL/h,14.0,cm,,,,,45.0,%,True,,279.0,nm,,nm,,,,,,,,,,,,,,,,,,
doi:10.1016/j.compositesb.2019.01.094,261,False,PVP,"[{""name"": ""PVP""}]",False,ETHANOL,"[{""name"": ""ETHANOL""}]",6.0,wt%,,,,,,,,,Single Needle,"{""size"": 22.0, ""unit"": ""G""}",Flat,,22.0,kV,16.0,mL/h,18.0,cm,,,,,45.0,%,True,,181.0,nm,,nm,,,,,,,,,,,,,,,,,,
doi:10.1016/j.compositesb.2019.01.094,262,False,PVP,"[{""name"": ""PVP""}]",False,ETHANOL,"[{""name"": ""ETHANOL""}]",14.0,wt%,,,,,,,,,Single Needle,"{""size"": 22.0, ""unit"": ""G""}",Flat,,10.0,kV,16.0,mL/h,18.0,cm,,,,,45.0,%,True,,3121.0,nm,,nm,,,,,,,,,,,,,,,,,,
doi:10.1016/j.compositesb.2019.01.094,263,False,PVP,"[{""name"": ""PVP""}]",False,ETHANOL,"[{""name"": ""ETHANOL""}]",10.0,wt%,,,,,,,,,Single Needle,"{""size"": 22.0, ""unit"": ""G""}",Flat,,16.0,kV,10.0,mL/h,6.0,cm,,,,,45.0,%,True,,675.0,nm,,nm,,,,,,,,,,,,,,,,,,
doi:10.1016/j.compositesb.2019.01.094,264,False,PVP,"[{""name"": ""PVP""}]",False,ETHANOL,"[{""name"": ""ETHANOL""}]",6.0,wt%,,,,,,,,,Single Needle,"{""size"": 22.0, ""unit"": ""G""}",Flat,,10.0,kV,4.0,mL/h,10.0,cm,,,,,45.0,%,True,,232.0,nm,,nm,,,,,,,,,,,,,,,,,,
doi:10.1016/j.compositesb.2019.01.094,265,False,PVP,"[{""name"": ""PVP""}]",False,ETHANOL,"[{""name"": ""ETHANOL""}]",10.0,wt%,,,,,,,,,Single Needle,"{""size"": 22.0, ""unit"": ""G""}",Flat,,16.0,kV,10.0,mL/h,14.0,cm,,,,,45.0,%,True,,315.0,nm,,nm,,,,,,,,,,,,,,,,,,
doi:10.1016/j.compositesb.2019.01.094,266,False,PVP,"[{""name"": ""PVP""}]",False,ETHANOL,"[{""name"": ""ETHANOL""}]",14.0,wt%,,,,,,,,,Single Needle,"{""size"": 22.0, ""unit"": ""G""}",Flat,,10.0,kV,4.0,mL/h,10.0,cm,,,,,45.0,%,True,,766.0,nm,,nm,,,,,,,,,,,,,,,,,,
doi:10.1016/j.compositesb.2019.01.094,267,False,PVP,"[{""name"": ""PVP""}]",False,ETHANOL,"[{""name"": ""ETHANOL""}]",6.0,wt%,,,,,,,,,Single Needle,"{""size"": 22.0, ""unit"": ""G""}",Flat,,10.0,kV,16.0,mL/h,10.0,cm,,,,,45.0,%,True,,112.0,nm,,nm,,,,,,,,,,,,,,,,,,
doi:10.1016/j.compositesb.2019.01.094,268,False,PVP,"[{""name"": ""PVP""}]",False,ETHANOL,"[{""name"": ""ETHANOL""}]",10.0,wt%,,,,,,,,,Single Needle,"{""size"": 22.0, ""unit"": ""G""}",Flat,,16.0,kV,22.0,mL/h,14.0,cm,,,,,45.0,%,True,,404.0,nm,,nm,,,,,,,,,,,,,,,,,,
doi:10.1016/j.compositesb.2019.01.094,269,False,PVP,"[{""name"": ""PVP""}]",False,ETHANOL,"[{""name"": ""ETHANOL""}]",6.0,wt%,,,,,,,,,Single Needle,"{""size"": 22.0, ""unit"": ""G""}",Flat,,10.0,kV,4.0,mL/h,10.0,cm,,,,,45.0,%,True,,155.0,nm,,nm,,,,,,,,,,,,,,,,,,
doi:10.1016/j.compositesb.2019.01.094,270,False,PVP,"[{""name"": ""PVP""}]",False,ETHANOL,"[{""name"": ""ETHANOL""}]",14.0,wt%,,,,,,,,,Single Needle,"{""size"": 22.0, ""unit"": ""G""}",Flat,,10.0,kV,4.0,mL/h,18.0,cm,,,,,45.0,%,True,,6806.0,nm,,nm,,,,,,,,,,,,,,,,,,
doi:10.1016/j.compositesb.2019.01.094,271,False,PVP,"[{""name"": ""PVP""}]",False,ETHANOL,"[{""name"": ""ETHANOL""}]",10.0,wt%,,,,,,,,,Single Needle,"{""size"": 22.0, ""unit"": ""G""}",Flat,,16.0,kV,10.0,mL/h,14.0,cm,,,,,45.0,%,True,,357.0,nm,,nm,,,,,,,,,,,,,,,,,,
doi:10.1016/j.compositesb.2019.01.094,272,False,PVP,"[{""name"": ""PVP""}]",False,ETHANOL,"[{""name"": ""ETHANOL""}]",10.0,wt%,,,,,,,,,Single Needle,"{""size"": 22.0, ""unit"": ""G""}",Flat,,28.0,kV,10.0,mL/h,14.0,cm,,,,,45.0,%,True,,354.0,nm,,nm,,,,,,,,,,,,,,,,,,
doi:10.1016/j.compositesb.2019.01.094,273,False,PVP,"[{""name"": ""PVP""}]",False,ETHANOL,"[{""name"": ""ETHANOL""}]",6.0,wt%,,,,,,,,,Single Needle,"{""size"": 22.0, ""unit"": ""G""}",Flat,,10.0,kV,16.0,mL/h,18.0,cm,,,,,45.0,%,True,,181.0,nm,,nm,,,,,,,,,,,,,,,,,,
doi:10.1016/j.compositesb.2019.01.094,274,False,PVP,"[{""name"": ""PVP""}]",False,ETHANOL,"[{""name"": ""ETHANOL""}]",10.0,wt%,,,,,,,,,Single Needle,"{""size"": 22.0, ""unit"": ""G""}",Flat,,16.0,kV,10.0,mL/h,14.0,cm,,,,,45.0,%,True,,370.0,nm,,nm,,,,,,,,,,,,,,,,,,
doi:10.1016/j.compositesb.2019.01.094,275,False,PVP,"[{""name"": ""PVP""}]",False,ETHANOL,"[{""name"": ""ETHANOL""}]",14.0,wt%,,,,,,,,,Single Needle,"{""size"": 22.0, ""unit"": ""G""}",Flat,,22.0,kV,16.0,mL/h,10.0,cm,,,,,45.0,%,True,,843.0,nm,,nm,,,,,,,,,,,,,,,,,,
doi:10.1016/j.compositesb.2019.01.094,276,False,PVP,"[{""name"": ""PVP""}]",False,ETHANOL,"[{""name"": ""ETHANOL""}]",14.0,wt%,,,,,,,,,Single Needle,"{""size"": 22.0, ""unit"": ""G""}",Flat,,10.0,kV,4.0,mL/h,10.0,cm,,,,,45.0,%,True,,1019.0,nm,,nm,,,,,,,,,,,,,,,,,,
doi:10.1016/j.compositesb.2019.01.094,277,False,PVP,"[{""name"": ""PVP""}]",False,ETHANOL,"[{""name"": ""ETHANOL""}]",6.0,wt%,,,,,,,,,Single Needle,"{""size"": 22.0, ""unit"": ""G""}",Flat,,22.0,kV,16.0,mL/h,10.0,cm,,,,,45.0,%,True,,151.0,nm,,nm,,,,,,,,,,,,,,,,,,
doi:10.1016/j.compositesb.2019.01.094,278,False,PVP,"[{""name"": ""PVP""}]",False,ETHANOL,"[{""name"": ""ETHANOL""}]",6.0,wt%,,,,,,,,,Single Needle,"{""size"": 22.0, ""unit"": ""G""}",Flat,,10.0,kV,4.0,mL/h,18.0,cm,,,,,45.0,%,True,,132.0,nm,,nm,,,,,,,,,,,,,,,,,,
doi:10.1016/j.compositesb.2019.01.094,279,False,PVP,"[{""name"": ""PVP""}]",False,ETHANOL,"[{""name"": ""ETHANOL""}]",14.0,wt%,,,,,,,,,Single Needle,"{""size"": 22.0, ""unit"": ""G""}",Flat,,22.0,kV,4.0,mL/h,18.0,cm,,,,,45.0,%,True,,642.0,nm,,nm,,,,,,,,,,,,,,,,,,
doi:10.1016/j.compositesb.2019.01.094,280,False,PVP,"[{""name"": ""PVP""}]",False,ETHANOL,"[{""name"": ""ETHANOL""}]",14.0,wt%,,,,,,,,,Single Needle,"{""size"": 22.0, ""unit"": ""G""}",Flat,,22.0,kV,16.0,mL/h,18.0,cm,,,,,45.0,%,True,,4546.0,nm,,nm,,,,,,,,,,,,,,,,,,
doi:10.1016/j.compositesb.2019.01.094,281,False,PVP,"[{""name"": ""PVP""}]",False,ETHANOL,"[{""name"": ""ETHANOL""}]",10.0,wt%,,,,,,,,,Single Needle,"{""size"": 22.0, ""unit"": ""G""}",Flat,,16.0,kV,10.0,mL/h,22.0,cm,,,,,45.0,%,True,,255.0,nm,,nm,,,,,,,,,,,,,,,,,,
doi:10.1016/j.compositesb.2019.01.094,282,False,PVP,"[{""name"": ""PVP""}]",False,ETHANOL,"[{""name"": ""ETHANOL""}]",6.0,wt%,,,,,,,,,Single Needle,"{""size"": 22.0, ""unit"": ""G""}",Flat,,10.0,kV,4.0,mL/h,18.0,cm,,,,,45.0,%,True,,143.0,nm,,nm,,,,,,,,,,,,,,,,,,
doi:10.1016/j.compositesb.2019.01.094,283,False,PVP,"[{""name"": ""PVP""}]",False,ETHANOL,"[{""name"": ""ETHANOL""}]",14.0,wt%,,,,,,,,,Single Needle,"{""size"": 22.0, ""unit"": ""G""}",Flat,,10.0,kV,16.0,mL/h,18.0,cm,,,,,45.0,%,True,,13080.0,nm,,nm,,,,,,,,,,,,,,,,,,
https://doi.org/10.3390/polym15030731,284,False,PVP,"[{""name"": ""PVP""}]",False,DMF,"[{""name"": ""DMF""}]",10.0,wt%,,,,,,,,,Single Needle,"{""size"": 26.0, ""unit"": ""G""}",Flat,,20.0,kV,0.1,mL/h,15.0,cm,,,27.0,,21.0,%,True,,329.0,nm,70.0,nm,,,,,,,,,,,,,,,,,,
https://doi.org/10.3390/polym15030731,285,False,PVP,"[{""name"": ""PVP""}]",False,DMF,"[{""name"": ""DMF""}]",10.0,wt%,,,,,,,,,Single Needle,"{""size"": 26.0, ""unit"": ""G""}",Flat,,23.0,kV,0.1,mL/h,15.0,cm,,,27.0,,21.0,%,True,,268.0,nm,48.0,nm,,,,,,,,,,,,,,,,,,
https://doi.org/10.3390/polym15030731,286,False,PVP,"[{""name"": ""PVP""}]",False,DMF,"[{""name"": ""DMF""}]",10.0,wt%,,,,,,,,,Single Needle,"{""size"": 26.0, ""unit"": ""G""}",Flat,,23.0,kV,0.1,mL/h,12.0,cm,,,27.0,,21.0,%,True,,271.0,nm,55.0,nm,,,,,,,,,,,,,,,,,,
https://doi.org/10.3390/polym15030731,287,False,PVP,"[{""name"": ""PVP""}]",False,DMF,"[{""name"": ""DMF""}]",10.0,wt%,,,,,,,,,Single Needle,"{""size"": 26.0, ""unit"": ""G""}",Flat,,23.0,kV,0.3,mL/h,15.0,cm,,,27.0,,21.0,%,True,,279.0,nm,51.0,nm,,,,,,,,,,,,,,,,,,
https://doi.org/10.3390/polym15030731,288,False,PVP,"[{""name"": ""PVP""}]",False,DMF,"[{""name"": ""DMF""}]",10.0,wt%,,,,,,,,,Single Needle,"{""size"": 21.0, ""unit"": ""G""}",Flat,,23.0,kV,0.1,mL/h,15.0,cm,,,27.0,,21.0,%,True,,287.0,nm,92.0,nm,,,,,,,,,,,,,,,,,,
https://doi.org/10.3390/polym15030731,289,False,PVP,"[{""name"": ""PVP""}]",False,DMF,"[{""name"": ""DMF""}]",10.0,wt%,,,,,,,,,Single Needle,"{""size"": 21.0, ""unit"": ""G""}",Flat,,20.0,kV,0.3,mL/h,15.0,cm,,,27.0,,21.0,%,True,,360.7,nm,85.0,nm,,,,,,,,,,,,,,,,,,
https://doi.org/10.3390/polym15030731,290,False,PVP,"[{""name"": ""PVP""}]",False,DMF,"[{""name"": ""DMF""}]",10.0,wt%,,,,,,,,,Single Needle,"{""size"": 21.0, ""unit"": ""G""}",Rolling Drum,,20.0,kV,0.3,mL/h,15.0,cm,,,27.0,,21.0,%,True,,358.0,nm,74.0,nm,,,,,,,,,,,,,,,,,,
https://doi.org/10.3390/polym15030731,291,False,PVP,"[{""name"": ""PVP""}]",False,DMF,"[{""name"": ""DMF""}]",10.0,wt%,,,,,,,,,Single Needle,"{""size"": 21.0, ""unit"": ""G""}",Rolling Drum,,20.0,kV,0.3,mL/h,15.0,cm,,,27.0,,21.0,%,True,,348.0,nm,70.0,nm,,,,,,,,,,,,,,,,,,
https://doi.org/10.3390/polym15030731,292,False,PVP,"[{""name"": ""PVP""}]",False,DMF,"[{""name"": ""DMF""}]",10.0,wt%,,,,,,,,,Single Needle,"{""size"": 21.0, ""unit"": ""G""}",Rolling Drum,,20.0,kV,0.3,mL/h,15.0,cm,,,27.0,,21.0,%,True,,346.0,nm,62.0,nm,,,,,,,,,,,,,,,,,,
https://www.sciencedirect.com/science/article/pii/S0927776511005522,293,False,Y_PGA,"[{""name"": ""Y_PGA""}]",False,TFA,"[{""name"": ""TFA""}]",16.0,wt%,,,,,,,,,Single Needle,"{""size"": 20.0, ""unit"": ""G""}",Flat,,32.0,kV,0.3,mL/h,40.0,cm,,,22.0,,40.0,%,True,,255.0,nm,53.0,nm,,,,,,,,,,,,,,,,,,
https://www.sciencedirect.com/science/article/pii/S0927776511005522,294,False,Y_PGA,"[{""name"": ""Y_PGA""}]",False,TFA,"[{""name"": ""TFA""}]",18.0,wt%,,,,,,,,,Single Needle,"{""size"": 20.0, ""unit"": ""G""}",Flat,,32.0,kV,0.3,mL/h,40.0,cm,,,22.0,,40.0,%,True,,319.0,nm,97.0,nm,,,,,,,,,,,,,,,,,,
https://www.sciencedirect.com/science/article/pii/S0927776511005522,295,False,Y_PGA,"[{""name"": ""Y_PGA""}]",False,TFA,"[{""name"": ""TFA""}]",20.0,wt%,,,,,,,,,Single Needle,"{""size"": 20.0, ""unit"": ""G""}",Flat,,32.0,kV,0.3,mL/h,40.0,cm,,,22.0,,40.0,%,True,,345.0,nm,98.0,nm,,,,,,,,,,,,,,,,,,
https://www.sciencedirect.com/science/article/pii/S0927776511005522,296,False,Y_PGA,"[{""name"": ""Y_PGA""}]",False,TFA,"[{""name"": ""TFA""}]",16.0,wt%,,,,,,,,,Single Needle,"{""size"": 20.0, ""unit"": ""G""}",Flat,,32.0,kV,0.1,mL/h,40.0,cm,,,22.0,,40.0,%,True,,240.0,nm,57.0,nm,,,,,,,,,,,,,,,,,,
https://www.sciencedirect.com/science/article/pii/S0927776511005522,297,False,Y_PGA,"[{""name"": ""Y_PGA""}]",False,TFA,"[{""name"": ""TFA""}]",16.0,wt%,,,,,,,,,Single Needle,"{""size"": 20.0, ""unit"": ""G""}",Flat,,32.0,kV,0.5,mL/h,40.0,cm,,,22.0,,40.0,%,True,,321.0,nm,95.0,nm,,,,,,,,,,,,,,,,,,
https://www.sciencedirect.com/science/article/pii/S0927776511005522,298,False,Y_PGA,"[{""name"": ""Y_PGA""}]",False,TFA,"[{""name"": ""TFA""}]",16.0,wt%,,,,,,,,,Single Needle,"{""size"": 20.0, ""unit"": ""G""}",Flat,,32.0,kV,1.0,mL/h,40.0,cm,,,22.0,,40.0,%,True,,428.0,nm,201.0,nm,,,,,,,,,,,,,,,,,,
https://www.sciencedirect.com/science/article/pii/S0927776511005522,299,False,Y_PGA,"[{""name"": ""Y_PGA""}]",False,WATER,"[{""name"": ""WATER""}]",16.0,wt%,,,,,,,,,Single Needle,"{""size"": 20.0, ""unit"": ""G""}",Flat,,32.0,kV,0.3,mL/h,40.0,cm,,,22.0,,40.0,%,True,,215.0,nm,88.0,nm,,,,,,,,,,,,,,,,,,
https://www.sciencedirect.com/science/article/pii/S0927776511005522,300,False,Y_PGA,"[{""name"": ""Y_PGA""}]",False,TFA,"[{""name"": ""TFA""}]",16.0,wt%,,,,,,,,,Single Needle,"{""size"": 20.0, ""unit"": ""G""}",Flat,,32.0,kV,0.3,mL/h,40.0,cm,,,22.0,,40.0,%,True,,186.0,nm,33.0,nm,,,,,,,,,,,,,,,,,,
https://www.sciencedirect.com/science/article/pii/S0927776511005522,301,False,Y_PGA,"[{""name"": ""Y_PGA""}]",False,TFA,"[{""name"": ""TFA""}]",16.0,wt%,,,,,,,,,Single Needle,"{""size"": 20.0, ""unit"": ""G""}",Flat,,32.0,kV,0.3,mL/h,40.0,cm,,,22.0,,40.0,%,True,,431.0,nm,108.0,nm,,,,,,,,,,,,,,,,,,
https://www.sciencedirect.com/science/article/pii/S0927776511005522,302,False,Y_PGA,"[{""name"": ""Y_PGA""}]",False,TFA,"[{""name"": ""TFA""}]",16.0,wt%,,,,,,,,,Single Needle,"{""size"": 20.0, ""unit"": ""G""}",Flat,,32.0,kV,0.3,mL/h,40.0,cm,,,22.0,,40.0,%,True,,603.0,nm,109.0,nm,,,,,,,,,,,,,,,,,,
https://www.sciencedirect.com/science/article/pii/S0927776511005522,303,False,Y_PGA,"[{""name"": ""Y_PGA""}]",False,TFA,"[{""name"": ""TFA""}]",16.0,wt%,,,,,,,,,Single Needle,"{""size"": 20.0, ""unit"": ""G""}",Flat,,32.0,kV,0.3,mL/h,40.0,cm,,,22.0,,40.0,%,True,,312.0,nm,116.0,nm,,,,,,,,,,,,,,,,,,
https://www.sciencedirect.com/science/article/pii/S0927776511005522,304,False,Y_PGA,"[{""name"": ""Y_PGA""}]",False,TFA,"[{""name"": ""TFA""}]",16.0,wt%,,,,,,,,,Single Needle,"{""size"": 20.0, ""unit"": ""G""}",Flat,,25.0,kV,0.3,mL/h,40.0,cm,,,22.0,,40.0,%,True,,321.0,nm,114.0,nm,,,,,,,,,,,,,,,,,,
https://www.sciencedirect.com/science/article/pii/S0927776511005522,305,False,Y_PGA,"[{""name"": ""Y_PGA""}]",False,TFA,"[{""name"": ""TFA""}]",16.0,wt%,,,,,,,,,Single Needle,"{""size"": 20.0, ""unit"": ""G""}",Flat,,30.0,kV,0.3,mL/h,40.0,cm,,,22.0,,40.0,%,True,,266.0,nm,112.0,nm,,,,,,,,,,,,,,,,,,
https://www.sciencedirect.com/science/article/pii/S0927776511005522,306,False,Y_PGA,"[{""name"": ""Y_PGA""}]",False,TFA,"[{""name"": ""TFA""}]",16.0,wt%,,,,,,,,,Single Needle,"{""size"": 20.0, ""unit"": ""G""}",Flat,,35.0,kV,0.3,mL/h,40.0,cm,,,22.0,,40.0,%,True,,278.0,nm,74.0,nm,,,,,,,,,,,,,,,,,,
https://www.sciencedirect.com/science/article/pii/S0927776511005522,307,False,Y_PGA,"[{""name"": ""Y_PGA""}]",False,TFA,"[{""name"": ""TFA""}]",16.0,wt%,,,,,,,,,Single Needle,"{""size"": 20.0, ""unit"": ""G""}",Flat,,32.0,kV,0.3,mL/h,25.0,cm,,,22.0,,40.0,%,True,,403.0,nm,171.0,nm,,,,,,,,,,,,,,,,,,
https://www.sciencedirect.com/science/article/pii/S0927776511005522,308,False,Y_PGA,"[{""name"": ""Y_PGA""}]",False,TFA,"[{""name"": ""TFA""}]",16.0,wt%,,,,,,,,,Single Needle,"{""size"": 20.0, ""unit"": ""G""}",Flat,,32.0,kV,0.3,mL/h,35.0,cm,,,22.0,,40.0,%,True,,252.0,nm,83.0,nm,,,,,,,,,,,,,,,,,,
https://www.sciencedirect.com/science/article/pii/S0927776511005522,309,False,Y_PGA,"[{""name"": ""Y_PGA""}]",False,TFA,"[{""name"": ""TFA""}]",16.0,wt%,,,,,,,,,Single Needle,"{""size"": 20.0, ""unit"": ""G""}",Flat,,32.0,kV,0.3,mL/h,50.0,cm,,,22.0,,40.0,%,True,,241.0,nm,80.0,nm,,,,,,,,,,,,,,,,,,
https://www.sciencedirect.com/science/article/pii/S0927776511005522,310,False,Y_PGA,"[{""name"": ""Y_PGA""}]",False,TFA,"[{""name"": ""TFA""}]",16.0,wt%,,,,,,,,,Single Needle,"{""size"": 20.0, ""unit"": ""G""}",Flat,,32.0,kV,0.3,mL/h,40.0,cm,,,22.0,,50.0,%,True,,273.0,nm,102.0,nm,,,,,,,,,,,,,,,,,,
https://doi.org/10.1007/s40204-017-0071-0,311,False,PVDF,"[{""name"": ""PVDF""}]",True,DMAC-ACETONE,"[{""name"": ""DMAC""}, {""name"": ""ACETONE""}]",10.1,wt%,,,,,,,,,Single Needle,,Rolling Drum,"{""rotationSpeed"": 1000.0, ""rotationSpeedUnit"": ""rpm""}",15.0,kV,0.7,mL/h,14.0,cm,,,27.0,,45.0,%,False,,,nm,,nm,,,,,,,,,,,,,,,,,,
https://doi.org/10.1007/s40204-017-0071-0,312,False,PVDF,"[{""name"": ""PVDF""}]",True,DMAC-ACETONE,"[{""name"": ""DMAC""}, {""name"": ""ACETONE""}]",20.2,wt%,,,,,,,,,Single Needle,,Rolling Drum,"{""rotationSpeed"": 1000.0, ""rotationSpeedUnit"": ""rpm""}",15.0,kV,0.7,mL/h,14.0,cm,,,27.0,,45.0,%,False,,,nm,,nm,,,,,,,,,,,,,,,,,,
https://doi.org/10.1007/s40204-017-0071-0,313,False,PVDF,"[{""name"": ""PVDF""}]",True,DMAC-ACETONE,"[{""name"": ""DMAC""}, {""name"": ""ACETONE""}]",25.25,wt%,,,,,,,,,Single Needle,,Rolling Drum,"{""rotationSpeed"": 1000.0, ""rotationSpeedUnit"": ""rpm""}",15.0,kV,0.7,mL/h,14.0,cm,,,27.0,,45.0,%,True,,472.9,nm,,nm,,,,,,,,,,,,,,,,,,
https://doi.org/10.1007/s40204-017-0071-0,314,False,PVDF,"[{""name"": ""PVDF""}]",True,DMAC-ACETONE,"[{""name"": ""DMAC""}, {""name"": ""ACETONE""}]",30.3,wt%,,,,,,,,,Single Needle,,Rolling Drum,"{""rotationSpeed"": 1000.0, ""rotationSpeedUnit"": ""rpm""}",15.0,kV,0.7,mL/h,14.0,cm,,,27.0,,45.0,%,True,,644.2,nm,,nm,,,,,,,,,,,,,,,,,,
https://doi.org/10.1007/s40204-017-0071-0,315,False,PVDF,"[{""name"": ""PVDF""}]",True,DMAC-ACETONE,"[{""name"": ""DMAC""}, {""name"": ""ACETONE""}]",30.3,wt%,,,,,,,,,Single Needle,,Rolling Drum,"{""rotationSpeed"": 1000.0, ""rotationSpeedUnit"": ""rpm""}",10.0,kV,0.7,mL/h,14.0,cm,,,27.0,,45.0,%,True,,308.4,nm,,nm,,,,,,,,,,,,,,,,,,
https://doi.org/10.1007/s40204-017-0071-0,316,False,PVDF,"[{""name"": ""PVDF""}]",True,DMAC-ACETONE,"[{""name"": ""DMAC""}, {""name"": ""ACETONE""}]",30.3,wt%,,,,,,,,,Single Needle,,Rolling Drum,"{""rotationSpeed"": 1000.0, ""rotationSpeedUnit"": ""rpm""}",20.0,kV,0.7,mL/h,14.0,cm,,,27.0,,45.0,%,True,,855.1,nm,,nm,,,,,,,,,,,,,,,,,,
https://doi.org/10.1007/s40204-017-0071-0,317,False,PVDF,"[{""name"": ""PVDF""}]",True,DMAC-ACETONE,"[{""name"": ""DMAC""}, {""name"": ""ACETONE""}]",30.3,wt%,,,,,,,,,Single Needle,,Rolling Drum,"{""rotationSpeed"": 1000.0, ""rotationSpeedUnit"": ""rpm""}",15.0,kV,0.7,mL/h,16.0,cm,,,27.0,,45.0,%,True,,509.8,nm,,nm,,,,,,,,,,,,,,,,,,
https://doi.org/10.1007/s40204-017-0071-0,318,False,PVDF,"[{""name"": ""PVDF""}]",True,DMAC-ACETONE,"[{""name"": ""DMAC""}, {""name"": ""ACETONE""}]",30.3,wt%,,,,,,,,,Single Needle,,Rolling Drum,"{""rotationSpeed"": 1000.0, ""rotationSpeedUnit"": ""rpm""}",15.0,kV,0.7,mL/h,18.0,cm,,,27.0,,45.0,%,True,,432.2,nm,,nm,,,,,,,,,,,,,,,,,,
https://doi.org/10.1007/s40204-017-0071-0,319,False,PVDF,"[{""name"": ""PVDF""}]",True,DMAC-ACETONE,"[{""name"": ""DMAC""}, {""name"": ""ACETONE""}]",30.3,wt%,,,,,,,,,Single Needle,,Rolling Drum,"{""rotationSpeed"": 1000.0, ""rotationSpeedUnit"": ""rpm""}",15.0,kV,0.7,mL/h,20.0,cm,,,27.0,,45.0,%,True,,264.4,nm,,nm,,,,,,,,,,,,,,,,,,
https://doi.org/10.1007/s40204-017-0071-0,320,False,PVDF,"[{""name"": ""PVDF""}]",True,DMAC-ACETONE,"[{""name"": ""DMAC""}, {""name"": ""ACETONE""}]",30.3,wt%,,,,,,,,,Single Needle,,Rolling Drum,"{""rotationSpeed"": 1000.0, ""rotationSpeedUnit"": ""rpm""}",15.0,kV,0.3,mL/h,18.0,cm,,,27.0,,45.0,%,True,,365.6,nm,,nm,,,,,,,,,,,,,,,,,,
https://doi.org/10.1007/s40204-017-0071-0,321,False,PVDF,"[{""name"": ""PVDF""}]",True,DMAC-ACETONE,"[{""name"": ""DMAC""}, {""name"": ""ACETONE""}]",30.3,wt%,,,,,,,,,Single Needle,,Rolling Drum,"{""rotationSpeed"": 1000.0, ""rotationSpeedUnit"": ""rpm""}",15.0,kV,0.5,mL/h,18.0,cm,,,27.0,,45.0,%,True,,520.6,nm,,nm,,,,,,,,,,,,,,,,,,
https://doi.org/10.1007/s40204-017-0071-0,322,False,PVDF,"[{""name"": ""PVDF""}]",True,DMAC-ACETONE,"[{""name"": ""DMAC""}, {""name"": ""ACETONE""}]",30.3,wt%,,,,,,,,,Single Needle,,Rolling Drum,"{""rotationSpeed"": 1500.0, ""rotationSpeedUnit"": ""rpm""}",15.0,kV,0.5,mL/h,18.0,cm,,,27.0,,45.0,%,True,,511.8,nm,,nm,,,,,,,,,,,,,,,,,,
https://doi.org/10.1007/s40204-017-0071-0,323,False,PVDF,"[{""name"": ""PVDF""}]",True,DMAC-ACETONE,"[{""name"": ""DMAC""}, {""name"": ""ACETONE""}]",30.3,wt%,,,,,,,,,Single Needle,,Rolling Drum,"{""rotationSpeed"": 2000.0, ""rotationSpeedUnit"": ""rpm""}",15.0,kV,0.5,mL/h,18.0,cm,,,27.0,,45.0,%,True,,313.0,nm,,nm,,,,,,,,,,,,,,,,,,
https://doi.org/10.1007/s40204-017-0071-0,324,False,PVDF,"[{""name"": ""PVDF""}]",True,DMAC-ACETONE,"[{""name"": ""DMAC""}, {""name"": ""ACETONE""}]",30.3,wt%,,,,,,,,,Single Needle,,Rolling Drum,"{""rotationSpeed"": 2500.0, ""rotationSpeedUnit"": ""rpm""}",15.0,kV,0.5,mL/h,18.0,cm,,,27.0,,45.0,%,True,,352.9,nm,,nm,,,,,,,,,,,,,,,,,,
https://doi.org/10.1007/s40204-017-0071-0,325,False,PVDF,"[{""name"": ""PVDF""}]",True,DMAC-ACETONE,"[{""name"": ""DMAC""}, {""name"": ""ACETONE""}]",30.3,wt%,,,,,,,,,Single Needle,,Rolling Drum,"{""rotationSpeed"": 3000.0, ""rotationSpeedUnit"": ""rpm""}",15.0,kV,0.5,mL/h,18.0,cm,,,27.0,,45.0,%,True,,462.5,nm,,nm,,,,,,,,,,,,,,,,,,
https://doi.org/10.1088/1748-6041/8/4/045007,326,False,PVDF,"[{""name"": ""PVDF""}]",True,DMAC-ACETONE,"[{""name"": ""DMAC""}, {""name"": ""ACETONE""}]",20.0,,,,,,,,,,Single Needle,,Flat,,12.0,kV,0.5,mL/h,20.0,cm,,,,,45.0,%,True,,295.0,nm,,nm,,,,,,,,,,,,,,,,,,
https://doi.org/10.1088/1748-6041/8/4/045007,327,False,PVDF,"[{""name"": ""PVDF""}]",True,DMAC-ACETONE,"[{""name"": ""DMAC""}, {""name"": ""ACETONE""}]",20.0,,,,,,,,,,Single Needle,,Flat,,15.0,kV,0.5,mL/h,20.0,cm,,,,,45.0,%,True,,194.0,nm,,nm,,,,,,,,,,,,,,,,,,
https://doi.org/10.1088/1748-6041/8/4/045007,328,False,PVDF,"[{""name"": ""PVDF""}]",True,DMAC-ACETONE,"[{""name"": ""DMAC""}, {""name"": ""ACETONE""}]",20.0,,,,,,,,,,Single Needle,,Flat,,20.0,kV,0.5,mL/h,20.0,cm,,,,,45.0,%,True,,191.0,nm,,nm,,,,,,,,,,,,,,,,,,
https://doi.org/10.1088/1748-6041/8/4/045007,329,False,PVDF,"[{""name"": ""PVDF""}]",True,DMAC-ACETONE,"[{""name"": ""DMAC""}, {""name"": ""ACETONE""}]",20.0,,,,,,,,,,Single Needle,,Flat,,25.0,kV,0.5,mL/h,20.0,cm,,,,,45.0,%,True,,177.0,nm,,nm,,,,,,,,,,,,,,,,,,
https://doi.org/10.1088/1748-6041/8/4/045007,330,False,PVDF,"[{""name"": ""PVDF""}]",True,DMAC-ACETONE,"[{""name"": ""DMAC""}, {""name"": ""ACETONE""}]",20.0,,,,,,,,,,Single Needle,,Flat,,30.0,kV,0.5,mL/h,20.0,cm,,,,,45.0,%,True,,151.0,nm,,nm,,,,,,,,,,,,,,,,,,
https://doi.org/10.1016/j.memsci.2013.01.023,331,False,PVDF,"[{""name"": ""PVDF""}]",True,DMAC-ACETONE,"[{""name"": ""DMAC""}, {""name"": ""ACETONE""}]",25.0,wt%,,,,,,,,,Single Needle,,Flat,,24.0,kV,1.23,mL/h,27.7,cm,,,23.0,,36.0,%,True,,1200.0,nm,,nm,,,,,,,,,,,,,,,,,,
https://doi.org/10.1016/j.memsci.2013.01.023,332,False,PVDF,"[{""name"": ""PVDF""}]",True,DMAC-ACETONE,"[{""name"": ""DMAC""}, {""name"": ""ACETONE""}]",25.0,wt%,,,,,,,,,Single Needle,,Flat,,24.0,kV,1.23,mL/h,27.7,cm,,,23.0,,36.0,%,True,,1200.0,nm,,nm,,,,,,,,,,,,,,,,,,
https://doi.org/10.1016/j.memsci.2013.01.023,333,False,PVDF,"[{""name"": ""PVDF""}]",True,DMAC-ACETONE,"[{""name"": ""DMAC""}, {""name"": ""ACETONE""}]",25.0,wt%,,,,,,,,,Single Needle,,Flat,,24.0,kV,1.23,mL/h,27.7,cm,,,23.0,,36.0,%,True,,1300.0,nm,,nm,,,,,,,,,,,,,,,,,,
https://doi.org/10.1016/j.memsci.2013.01.023,334,False,PVDF,"[{""name"": ""PVDF""}]",True,DMAC-ACETONE,"[{""name"": ""DMAC""}, {""name"": ""ACETONE""}]",25.0,wt%,,,,,,,,,Single Needle,,Flat,,24.0,kV,1.23,mL/h,27.7,cm,,,23.0,,36.0,%,True,,1100.0,nm,,nm,,,,,,,,,,,,,,,,,,
https://doi.org/10.1016/j.memsci.2013.01.023,335,False,PVDF,"[{""name"": ""PVDF""}]",True,DMAC-ACETONE,"[{""name"": ""DMAC""}, {""name"": ""ACETONE""}]",25.0,wt%,,,,,,,,,Single Needle,,Flat,,24.0,kV,1.23,mL/h,27.7,cm,,,23.0,,36.0,%,True,,1100.0,nm,,nm,,,,,,,,,,,,,,,,,,
https://doi.org/10.1016/j.memsci.2013.01.023,336,False,PVDF,"[{""name"": ""PVDF""}]",True,DMAC-ACETONE,"[{""name"": ""DMAC""}, {""name"": ""ACETONE""}]",25.0,wt%,,,,,,,,,Single Needle,,Flat,,24.0,kV,1.23,mL/h,27.7,cm,,,23.0,,36.0,%,True,,1100.0,nm,,nm,,,,,,,,,,,,,,,,,,
https://doi.org/10.1016/j.memsci.2013.01.023,337,False,PVDF,"[{""name"": ""PVDF""}]",True,DMAC-ACETONE,"[{""name"": ""DMAC""}, {""name"": ""ACETONE""}]",25.0,wt%,,,,,,,,,Single Needle,,Flat,,24.0,kV,1.23,mL/h,27.7,cm,,,23.0,,36.0,%,True,,1100.0,nm,,nm,,,,,,,,,,,,,,,,,,
https://doi.org/10.1016/j.memsci.2013.01.023,338,False,PVDF,"[{""name"": ""PVDF""}]",True,DMAC-ACETONE,"[{""name"": ""DMAC""}, {""name"": ""ACETONE""}]",15.0,wt%,,,,,,,,,Single Needle,,Flat,,24.1,kV,1.23,mL/h,27.7,cm,,,23.0,,37.5,%,False,,,nm,,nm,,,,,,,,,,,,,,,,,,
https://doi.org/10.1016/j.memsci.2013.01.023,339,False,PVDF,"[{""name"": ""PVDF""}]",True,DMAC-ACETONE,"[{""name"": ""DMAC""}, {""name"": ""ACETONE""}]",17.5,wt%,,,,,,,,,Single Needle,,Flat,,24.1,kV,1.23,mL/h,27.7,cm,,,23.0,,37.5,%,False,,,nm,,nm,,,,,,,,,,,,,,,,,,
https://doi.org/10.1016/j.memsci.2013.01.023,340,False,PVDF,"[{""name"": ""PVDF""}]",True,DMAC-ACETONE,"[{""name"": ""DMAC""}, {""name"": ""ACETONE""}]",20.0,wt%,,,,,,,,,Single Needle,,Flat,,24.1,kV,1.23,mL/h,27.7,cm,,,23.0,,37.5,%,True,,136.6,nm,,nm,,,,,,,,,,,,,,,,,,
https://doi.org/10.1016/j.memsci.2013.01.023,341,False,PVDF,"[{""name"": ""PVDF""}]",True,DMAC-ACETONE,"[{""name"": ""DMAC""}, {""name"": ""ACETONE""}]",20.0,wt%,,,,,,,,,Single Needle,,Flat,,24.1,kV,1.23,mL/h,27.7,cm,,,23.0,,37.5,%,True,,136.6,nm,,nm,,,,,,,,,,,,,,,,,,
https://doi.org/10.1016/j.memsci.2013.01.023,342,False,PVDF,"[{""name"": ""PVDF""}]",True,DMAC-ACETONE,"[{""name"": ""DMAC""}, {""name"": ""ACETONE""}]",20.0,wt%,,,,,,,,,Single Needle,,Flat,,24.1,kV,1.23,mL/h,27.7,cm,,,23.0,,37.5,%,True,,136.6,nm,,nm,,,,,,,,,,,,,,,,,,
https://doi.org/10.1016/j.memsci.2013.01.023,343,False,PVDF,"[{""name"": ""PVDF""}]",True,DMAC-ACETONE,"[{""name"": ""DMAC""}, {""name"": ""ACETONE""}]",20.0,wt%,,,,,,,,,Single Needle,,Flat,,24.1,kV,1.23,mL/h,27.7,cm,,,23.0,,37.5,%,True,,136.6,nm,,nm,,,,,,,,,,,,,,,,,,
https://doi.org/10.1016/j.memsci.2013.01.023,344,False,PVDF,"[{""name"": ""PVDF""}]",True,DMAC-ACETONE,"[{""name"": ""DMAC""}, {""name"": ""ACETONE""}]",20.0,wt%,,,,,,,,,Single Needle,,Flat,,24.1,kV,1.23,mL/h,27.7,cm,,,23.0,,37.5,%,True,,136.6,nm,,nm,,,,,,,,,,,,,,,,,,
https://doi.org/10.1016/j.memsci.2013.01.023,345,False,PVDF,"[{""name"": ""PVDF""}]",True,DMAC-ACETONE,"[{""name"": ""DMAC""}, {""name"": ""ACETONE""}]",20.0,wt%,,,,,,,,,Single Needle,,Flat,,24.1,kV,1.23,mL/h,27.7,cm,,,23.0,,37.5,%,True,,136.6,nm,,nm,,,,,,,,,,,,,,,,,,
https://doi.org/10.1016/j.memsci.2013.01.023,346,False,PVDF,"[{""name"": ""PVDF""}]",True,DMAC-ACETONE,"[{""name"": ""DMAC""}, {""name"": ""ACETONE""}]",20.0,wt%,,,,,,,,,Single Needle,,Flat,,24.1,kV,1.23,mL/h,27.7,cm,,,23.0,,37.5,%,True,,136.6,nm,,nm,,,,,,,,,,,,,,,,,,
https://doi.org/10.1016/j.memsci.2013.01.023,347,False,PVDF,"[{""name"": ""PVDF""}]",True,DMAC-ACETONE,"[{""name"": ""DMAC""}, {""name"": ""ACETONE""}]",20.0,wt%,,,,,,,,,Single Needle,,Flat,,24.1,kV,1.23,mL/h,27.7,cm,,,23.0,,37.5,%,True,,136.6,nm,,nm,,,,,,,,,,,,,,,,,,
https://doi.org/10.1016/j.memsci.2013.01.023,348,False,PVDF,"[{""name"": ""PVDF""}]",True,DMAC-ACETONE,"[{""name"": ""DMAC""}, {""name"": ""ACETONE""}]",22.5,wt%,,,,,,,,,Single Needle,,Flat,,24.1,kV,1.23,mL/h,27.7,cm,,,23.0,,37.5,%,True,,248.3,nm,,nm,,,,,,,,,,,,,,,,,,
https://doi.org/10.1016/j.memsci.2013.01.023,349,False,PVDF,"[{""name"": ""PVDF""}]",True,DMAC-ACETONE,"[{""name"": ""DMAC""}, {""name"": ""ACETONE""}]",22.5,wt%,,,,,,,,,Single Needle,,Flat,,24.1,kV,1.23,mL/h,27.7,cm,,,23.0,,37.5,%,True,,248.3,nm,,nm,,,,,,,,,,,,,,,,,,
https://doi.org/10.1016/j.memsci.2013.01.023,350,False,PVDF,"[{""name"": ""PVDF""}]",True,DMAC-ACETONE,"[{""name"": ""DMAC""}, {""name"": ""ACETONE""}]",22.5,wt%,,,,,,,,,Single Needle,,Flat,,24.1,kV,1.23,mL/h,27.7,cm,,,23.0,,37.5,%,True,,248.3,nm,,nm,,,,,,,,,,,,,,,,,,
https://doi.org/10.1016/j.memsci.2013.01.023,351,False,PVDF,"[{""name"": ""PVDF""}]",True,DMAC-ACETONE,"[{""name"": ""DMAC""}, {""name"": ""ACETONE""}]",22.5,wt%,,,,,,,,,Single Needle,,Flat,,24.1,kV,1.23,mL/h,27.7,cm,,,23.0,,37.5,%,True,,248.3,nm,,nm,,,,,,,,,,,,,,,,,,
https://doi.org/10.1016/j.memsci.2013.01.023,352,False,PVDF,"[{""name"": ""PVDF""}]",True,DMAC-ACETONE,"[{""name"": ""DMAC""}, {""name"": ""ACETONE""}]",22.5,wt%,,,,,,,,,Single Needle,,Flat,,24.1,kV,1.23,mL/h,27.7,cm,,,23.0,,37.5,%,True,,248.3,nm,,nm,,,,,,,,,,,,,,,,,,
https://doi.org/10.1016/j.memsci.2013.01.023,353,False,PVDF,"[{""name"": ""PVDF""}]",True,DMAC-ACETONE,"[{""name"": ""DMAC""}, {""name"": ""ACETONE""}]",22.5,wt%,,,,,,,,,Single Needle,,Flat,,24.1,kV,1.23,mL/h,27.7,cm,,,23.0,,37.5,%,True,,248.3,nm,,nm,,,,,,,,,,,,,,,,,,
https://doi.org/10.1016/j.memsci.2013.01.023,354,False,PVDF,"[{""name"": ""PVDF""}]",True,DMAC-ACETONE,"[{""name"": ""DMAC""}, {""name"": ""ACETONE""}]",22.5,wt%,,,,,,,,,Single Needle,,Flat,,24.1,kV,1.23,mL/h,27.7,cm,,,23.0,,37.5,%,True,,248.3,nm,,nm,,,,,,,,,,,,,,,,,,
https://doi.org/10.1016/j.memsci.2013.01.023,355,False,PVDF,"[{""name"": ""PVDF""}]",True,DMAC-ACETONE,"[{""name"": ""DMAC""}, {""name"": ""ACETONE""}]",22.5,wt%,,,,,,,,,Single Needle,,Flat,,24.1,kV,1.23,mL/h,27.7,cm,,,23.0,,37.5,%,True,,248.3,nm,,nm,,,,,,,,,,,,,,,,,,
https://doi.org/10.1016/j.memsci.2013.01.023,356,False,PVDF,"[{""name"": ""PVDF""}]",True,DMAC-ACETONE,"[{""name"": ""DMAC""}, {""name"": ""ACETONE""}]",25.0,wt%,,,,,,,,,Single Needle,,Flat,,24.1,kV,1.23,mL/h,27.7,cm,,,23.0,,37.5,%,True,,335.6,nm,,nm,,,,,,,,,,,,,,,,,,
https://doi.org/10.1016/j.memsci.2013.01.023,357,False,PVDF,"[{""name"": ""PVDF""}]",True,DMAC-ACETONE,"[{""name"": ""DMAC""}, {""name"": ""ACETONE""}]",25.0,wt%,,,,,,,,,Single Needle,,Flat,,24.1,kV,1.23,mL/h,27.7,cm,,,23.0,,37.5,%,True,,335.6,nm,,nm,,,,,,,,,,,,,,,,,,
https://doi.org/10.1016/j.memsci.2013.01.023,358,False,PVDF,"[{""name"": ""PVDF""}]",True,DMAC-ACETONE,"[{""name"": ""DMAC""}, {""name"": ""ACETONE""}]",25.0,wt%,,,,,,,,,Single Needle,,Flat,,24.1,kV,1.23,mL/h,27.7,cm,,,23.0,,37.5,%,True,,335.6,nm,,nm,,,,,,,,,,,,,,,,,,
https://doi.org/10.1016/j.memsci.2013.01.023,359,False,PVDF,"[{""name"": ""PVDF""}]",True,DMAC-ACETONE,"[{""name"": ""DMAC""}, {""name"": ""ACETONE""}]",25.0,wt%,,,,,,,,,Single Needle,,Flat,,24.1,kV,1.23,mL/h,27.7,cm,,,23.0,,37.5,%,True,,335.6,nm,,nm,,,,,,,,,,,,,,,,,,
https://doi.org/10.1016/j.memsci.2013.01.023,360,False,PVDF,"[{""name"": ""PVDF""}]",True,DMAC-ACETONE,"[{""name"": ""DMAC""}, {""name"": ""ACETONE""}]",25.0,wt%,,,,,,,,,Single Needle,,Flat,,24.1,kV,1.23,mL/h,27.7,cm,,,23.0,,37.5,%,True,,335.6,nm,,nm,,,,,,,,,,,,,,,,,,
https://doi.org/10.1016/j.memsci.2013.01.023,361,False,PVDF,"[{""name"": ""PVDF""}]",True,DMAC-ACETONE,"[{""name"": ""DMAC""}, {""name"": ""ACETONE""}]",25.0,wt%,,,,,,,,,Single Needle,,Flat,,24.1,kV,1.23,mL/h,27.7,cm,,,23.0,,37.5,%,True,,335.6,nm,,nm,,,,,,,,,,,,,,,,,,
https://doi.org/10.1016/j.memsci.2013.01.023,362,False,PVDF,"[{""name"": ""PVDF""}]",True,DMAC-ACETONE,"[{""name"": ""DMAC""}, {""name"": ""ACETONE""}]",25.0,wt%,,,,,,,,,Single Needle,,Flat,,24.1,kV,1.23,mL/h,27.7,cm,,,23.0,,37.5,%,True,,335.6,nm,,nm,,,,,,,,,,,,,,,,,,
https://doi.org/10.1016/j.memsci.2013.01.023,363,False,PVDF,"[{""name"": ""PVDF""}]",True,DMAC-ACETONE,"[{""name"": ""DMAC""}, {""name"": ""ACETONE""}]",25.0,wt%,,,,,,,,,Single Needle,,Flat,,24.1,kV,1.23,mL/h,27.7,cm,,,23.0,,37.5,%,True,,335.6,nm,,nm,,,,,,,,,,,,,,,,,,
https://doi.org/10.1016/j.memsci.2013.01.023,364,False,PVDF,"[{""name"": ""PVDF""}]",True,DMAC-ACETONE,"[{""name"": ""DMAC""}, {""name"": ""ACETONE""}]",27.5,wt%,,,,,,,,,Single Needle,,Flat,,24.1,kV,1.23,mL/h,27.7,cm,,,23.0,,37.5,%,True,,386.1,nm,,nm,,,,,,,,,,,,,,,,,,
https://doi.org/10.1016/j.memsci.2013.01.023,365,False,PVDF,"[{""name"": ""PVDF""}]",True,DMAC-ACETONE,"[{""name"": ""DMAC""}, {""name"": ""ACETONE""}]",27.5,wt%,,,,,,,,,Single Needle,,Flat,,24.1,kV,1.23,mL/h,27.7,cm,,,23.0,,37.5,%,True,,386.1,nm,,nm,,,,,,,,,,,,,,,,,,
https://doi.org/10.1016/j.memsci.2013.01.023,366,False,PVDF,"[{""name"": ""PVDF""}]",True,DMAC-ACETONE,"[{""name"": ""DMAC""}, {""name"": ""ACETONE""}]",27.5,wt%,,,,,,,,,Single Needle,,Flat,,24.1,kV,1.23,mL/h,27.7,cm,,,23.0,,37.5,%,True,,386.1,nm,,nm,,,,,,,,,,,,,,,,,,
https://doi.org/10.1016/j.memsci.2013.01.023,367,False,PVDF,"[{""name"": ""PVDF""}]",True,DMAC-ACETONE,"[{""name"": ""DMAC""}, {""name"": ""ACETONE""}]",27.5,wt%,,,,,,,,,Single Needle,,Flat,,24.1,kV,1.23,mL/h,27.7,cm,,,23.0,,37.5,%,True,,386.1,nm,,nm,,,,,,,,,,,,,,,,,,
https://doi.org/10.1016/j.memsci.2013.01.023,368,False,PVDF,"[{""name"": ""PVDF""}]",True,DMAC-ACETONE,"[{""name"": ""DMAC""}, {""name"": ""ACETONE""}]",27.5,wt%,,,,,,,,,Single Needle,,Flat,,24.1,kV,1.23,mL/h,27.7,cm,,,23.0,,37.5,%,True,,386.1,nm,,nm,,,,,,,,,,,,,,,,,,
https://doi.org/10.1016/j.memsci.2013.01.023,369,False,PVDF,"[{""name"": ""PVDF""}]",True,DMAC-ACETONE,"[{""name"": ""DMAC""}, {""name"": ""ACETONE""}]",27.5,wt%,,,,,,,,,Single Needle,,Flat,,24.1,kV,1.23,mL/h,27.7,cm,,,23.0,,37.5,%,True,,386.1,nm,,nm,,,,,,,,,,,,,,,,,,
https://doi.org/10.1016/j.memsci.2013.01.023,370,False,PVDF,"[{""name"": ""PVDF""}]",True,DMAC-ACETONE,"[{""name"": ""DMAC""}, {""name"": ""ACETONE""}]",27.5,wt%,,,,,,,,,Single Needle,,Flat,,24.1,kV,1.23,mL/h,27.7,cm,,,23.0,,37.5,%,True,,386.1,nm,,nm,,,,,,,,,,,,,,,,,,
https://doi.org/10.1016/j.memsci.2013.01.023,371,False,PVDF,"[{""name"": ""PVDF""}]",True,DMAC-ACETONE,"[{""name"": ""DMAC""}, {""name"": ""ACETONE""}]",27.5,wt%,,,,,,,,,Single Needle,,Flat,,24.1,kV,1.23,mL/h,27.7,cm,,,23.0,,37.5,%,True,,386.1,nm,,nm,,,,,,,,,,,,,,,,,,
https://doi.org/10.1016/j.memsci.2013.01.023,372,False,PVDF,"[{""name"": ""PVDF""}]",True,DMAC-ACETONE,"[{""name"": ""DMAC""}, {""name"": ""ACETONE""}]",30.0,wt%,,,,,,,,,Single Needle,,Flat,,24.1,kV,1.23,mL/h,27.7,cm,,,23.0,,37.5,%,True,,506.3,nm,,nm,,,,,,,,,,,,,,,,,,
https://doi.org/10.1016/j.memsci.2013.01.023,373,False,PVDF,"[{""name"": ""PVDF""}]",True,DMAC-ACETONE,"[{""name"": ""DMAC""}, {""name"": ""ACETONE""}]",30.0,wt%,,,,,,,,,Single Needle,,Flat,,24.1,kV,1.23,mL/h,27.7,cm,,,23.0,,37.5,%,True,,506.3,nm,,nm,,,,,,,,,,,,,,,,,,
https://doi.org/10.1016/j.memsci.2013.01.023,374,False,PVDF,"[{""name"": ""PVDF""}]",True,DMAC-ACETONE,"[{""name"": ""DMAC""}, {""name"": ""ACETONE""}]",30.0,wt%,,,,,,,,,Single Needle,,Flat,,24.1,kV,1.23,mL/h,27.7,cm,,,23.0,,37.5,%,True,,506.3,nm,,nm,,,,,,,,,,,,,,,,,,
https://doi.org/10.1016/j.memsci.2013.01.023,375,False,PVDF,"[{""name"": ""PVDF""}]",True,DMAC-ACETONE,"[{""name"": ""DMAC""}, {""name"": ""ACETONE""}]",30.0,wt%,,,,,,,,,Single Needle,,Flat,,24.1,kV,1.23,mL/h,27.7,cm,,,23.0,,37.5,%,True,,506.3,nm,,nm,,,,,,,,,,,,,,,,,,
https://doi.org/10.1016/j.memsci.2013.01.023,376,False,PVDF,"[{""name"": ""PVDF""}]",True,DMAC-ACETONE,"[{""name"": ""DMAC""}, {""name"": ""ACETONE""}]",30.0,wt%,,,,,,,,,Single Needle,,Flat,,24.1,kV,1.23,mL/h,27.7,cm,,,23.0,,37.5,%,True,,506.3,nm,,nm,,,,,,,,,,,,,,,,,,
https://doi.org/10.1016/j.memsci.2013.01.023,377,False,PVDF,"[{""name"": ""PVDF""}]",True,DMAC-ACETONE,"[{""name"": ""DMAC""}, {""name"": ""ACETONE""}]",30.0,wt%,,,,,,,,,Single Needle,,Flat,,24.1,kV,1.23,mL/h,27.7,cm,,,23.0,,37.5,%,True,,506.3,nm,,nm,,,,,,,,,,,,,,,,,,
https://doi.org/10.1016/j.memsci.2013.01.023,378,False,PVDF,"[{""name"": ""PVDF""}]",True,DMAC-ACETONE,"[{""name"": ""DMAC""}, {""name"": ""ACETONE""}]",30.0,wt%,,,,,,,,,Single Needle,,Flat,,24.1,kV,1.23,mL/h,27.7,cm,,,23.0,,37.5,%,True,,506.3,nm,,nm,,,,,,,,,,,,,,,,,,
https://www.researchgate.net/profile/Dhananjay-Pise/publication/277816900_Study_of_Process_Parameters_Affecting_the_Diameter_and_Morphology_of_Electrospun_Polyvinylidene_Fluoride_PVDF_Nanofibers/links/55751b5c08aeacff1ffcc4a8/Study-of-Process-Paramet,379,False,PVDF,"[{""name"": ""PVDF""}]",False,DMF,"[{""name"": ""DMF""}]",15.7,,,,,,,,,,Single Needle,,Rolling Drum,"{""rotationSpeed"": 600.0, ""rotationSpeedUnit"": ""rpm""}",15.0,kV,0.5,mL/h,15.0,cm,,,,,45.0,%,True,,100.0,nm,,nm,,,,,,,,,,,,,,,,,,
https://www.researchgate.net/profile/Dhananjay-Pise/publication/277816900_Study_of_Process_Parameters_Affecting_the_Diameter_and_Morphology_of_Electrospun_Polyvinylidene_Fluoride_PVDF_Nanofibers/links/55751b5c08aeacff1ffcc4a8/Study-of-Process-Paramet,380,False,PVDF,"[{""name"": ""PVDF""}]",False,DMF,"[{""name"": ""DMF""}]",17.51,,,,,,,,,,Single Needle,,Rolling Drum,"{""rotationSpeed"": 600.0, ""rotationSpeedUnit"": ""rpm""}",15.0,kV,0.75,mL/h,17.5,cm,,,,,45.0,%,True,,160.0,nm,,nm,,,,,,,,,,,,,,,,,,
https://www.researchgate.net/profile/Dhananjay-Pise/publication/277816900_Study_of_Process_Parameters_Affecting_the_Diameter_and_Morphology_of_Electrospun_Polyvinylidene_Fluoride_PVDF_Nanofibers/links/55751b5c08aeacff1ffcc4a8/Study-of-Process-Paramet,381,False,PVDF,"[{""name"": ""PVDF""}]",False,DMF,"[{""name"": ""DMF""}]",19.28,,,,,,,,,,Single Needle,,Rolling Drum,"{""rotationSpeed"": 600.0, ""rotationSpeedUnit"": ""rpm""}",15.0,kV,1.0,mL/h,20.0,cm,,,,,45.0,%,True,,190.0,nm,,nm,,,,,,,,,,,,,,,,,,
https://www.researchgate.net/profile/Dhananjay-Pise/publication/277816900_Study_of_Process_Parameters_Affecting_the_Diameter_and_Morphology_of_Electrospun_Polyvinylidene_Fluoride_PVDF_Nanofibers/links/55751b5c08aeacff1ffcc4a8/Study-of-Process-Paramet,382,False,PVDF,"[{""name"": ""PVDF""}]",False,DMF,"[{""name"": ""DMF""}]",19.28,,,,,,,,,,Single Needle,,Rolling Drum,"{""rotationSpeed"": 600.0, ""rotationSpeedUnit"": ""rpm""}",25.0,kV,0.5,mL/h,17.5,cm,,,,,45.0,%,True,,180.0,nm,,nm,,,,,,,,,,,,,,,,,,
https://www.researchgate.net/profile/Dhananjay-Pise/publication/277816900_Study_of_Process_Parameters_Affecting_the_Diameter_and_Morphology_of_Electrospun_Polyvinylidene_Fluoride_PVDF_Nanofibers/links/55751b5c08aeacff1ffcc4a8/Study-of-Process-Paramet,383,False,PVDF,"[{""name"": ""PVDF""}]",False,DMF,"[{""name"": ""DMF""}]",15.7,,,,,,,,,,Single Needle,,Rolling Drum,"{""rotationSpeed"": 600.0, ""rotationSpeedUnit"": ""rpm""}",25.0,kV,0.75,mL/h,20.0,cm,,,,,45.0,%,True,,100.0,nm,,nm,,,,,,,,,,,,,,,,,,
https://www.researchgate.net/profile/Dhananjay-Pise/publication/277816900_Study_of_Process_Parameters_Affecting_the_Diameter_and_Morphology_of_Electrospun_Polyvinylidene_Fluoride_PVDF_Nanofibers/links/55751b5c08aeacff1ffcc4a8/Study-of-Process-Paramet,384,False,PVDF,"[{""name"": ""PVDF""}]",False,DMF,"[{""name"": ""DMF""}]",17.51,,,,,,,,,,Single Needle,,Rolling Drum,"{""rotationSpeed"": 600.0, ""rotationSpeedUnit"": ""rpm""}",25.0,kV,1.0,mL/h,15.0,cm,,,,,45.0,%,True,,150.0,nm,,nm,,,,,,,,,,,,,,,,,,
https://www.researchgate.net/profile/Dhananjay-Pise/publication/277816900_Study_of_Process_Parameters_Affecting_the_Diameter_and_Morphology_of_Electrospun_Polyvinylidene_Fluoride_PVDF_Nanofibers/links/55751b5c08aeacff1ffcc4a8/Study-of-Process-Paramet,385,False,PVDF,"[{""name"": ""PVDF""}]",False,DMF,"[{""name"": ""DMF""}]",17.51,,,,,,,,,,Single Needle,,Rolling Drum,"{""rotationSpeed"": 600.0, ""rotationSpeedUnit"": ""rpm""}",35.0,kV,0.5,mL/h,20.0,cm,,,,,45.0,%,True,,120.0,nm,,nm,,,,,,,,,,,,,,,,,,
https://www.researchgate.net/profile/Dhananjay-Pise/publication/277816900_Study_of_Process_Parameters_Affecting_the_Diameter_and_Morphology_of_Electrospun_Polyvinylidene_Fluoride_PVDF_Nanofibers/links/55751b5c08aeacff1ffcc4a8/Study-of-Process-Paramet,386,False,PVDF,"[{""name"": ""PVDF""}]",False,DMF,"[{""name"": ""DMF""}]",19.28,,,,,,,,,,Single Needle,,Rolling Drum,"{""rotationSpeed"": 600.0, ""rotationSpeedUnit"": ""rpm""}",35.0,kV,0.75,mL/h,15.0,cm,,,,,45.0,%,True,,160.0,nm,,nm,,,,,,,,,,,,,,,,,,
https://www.researchgate.net/profile/Dhananjay-Pise/publication/277816900_Study_of_Process_Parameters_Affecting_the_Diameter_and_Morphology_of_Electrospun_Polyvinylidene_Fluoride_PVDF_Nanofibers/links/55751b5c08aeacff1ffcc4a8/Study-of-Process-Paramet,387,False,PVDF,"[{""name"": ""PVDF""}]",False,DMF,"[{""name"": ""DMF""}]",15.7,,,,,,,,,,Single Needle,,Rolling Drum,"{""rotationSpeed"": 600.0, ""rotationSpeedUnit"": ""rpm""}",35.0,kV,1.0,mL/h,17.5,cm,,,,,45.0,%,True,,80.0,nm,,nm,,,,,,,,,,,,,,,,,,
https://doi.org/10.1080/1539445X.2010.495630,388,False,PVDF,"[{""name"": ""PVDF""}]",False,DMF,"[{""name"": ""DMF""}]",20.0,wt%,,,,,,,,,Single Needle,,Flat,,15.0,kV,4.0,mL/h,15.0,cm,,,,,45.0,%,True,,495.0,nm,,nm,,,,,,,,,,,,,,,,,,
https://doi.org/10.1080/1539445X.2010.495630,389,False,PVDF,"[{""name"": ""PVDF""}]",False,DMF,"[{""name"": ""DMF""}]",20.0,wt%,,,,,,,,,Single Needle,,Flat,,20.0,kV,4.0,mL/h,15.0,cm,,,,,45.0,%,True,,481.0,nm,,nm,,,,,,,,,,,,,,,,,,
https://doi.org/10.1080/1539445X.2010.495630,390,False,PVDF,"[{""name"": ""PVDF""}]",False,DMF,"[{""name"": ""DMF""}]",20.0,wt%,,,,,,,,,Single Needle,,Flat,,25.0,kV,4.0,mL/h,15.0,cm,,,,,45.0,%,True,,435.0,nm,,nm,,,,,,,,,,,,,,,,,,
https://doi.org/10.1080/1539445X.2010.495630,391,False,PVDF,"[{""name"": ""PVDF""}]",False,DMF,"[{""name"": ""DMF""}]",20.0,wt%,,,,,,,,,Single Needle,,Flat,,30.0,kV,4.0,mL/h,15.0,cm,,,,,45.0,%,True,,403.0,nm,,nm,,,,,,,,,,,,,,,,,,
https://doi.org/10.1080/1539445X.2010.495630,392,False,PVDF,"[{""name"": ""PVDF""}]",False,DMF,"[{""name"": ""DMF""}]",20.0,wt%,,,,,,,,,Single Needle,,Flat,,20.0,kV,0.5,mL/h,15.0,cm,,,,,45.0,%,True,,149.0,nm,,nm,,,,,,,,,,,,,,,,,,
https://doi.org/10.1080/1539445X.2010.495630,393,False,PVDF,"[{""name"": ""PVDF""}]",False,DMF,"[{""name"": ""DMF""}]",20.0,wt%,,,,,,,,,Single Needle,,Flat,,20.0,kV,1.0,mL/h,15.0,cm,,,,,45.0,%,True,,145.0,nm,,nm,,,,,,,,,,,,,,,,,,
https://doi.org/10.1080/1539445X.2010.495630,394,False,PVDF,"[{""name"": ""PVDF""}]",False,DMF,"[{""name"": ""DMF""}]",20.0,wt%,,,,,,,,,Single Needle,,Flat,,20.0,kV,2.0,mL/h,15.0,cm,,,,,45.0,%,True,,130.0,nm,,nm,,,,,,,,,,,,,,,,,,
https://doi.org/10.1080/1539445X.2010.495630,395,False,PVDF,"[{""name"": ""PVDF""}]",False,DMF,"[{""name"": ""DMF""}]",20.0,wt%,,,,,,,,,Single Needle,,Flat,,20.0,kV,4.0,mL/h,15.0,cm,,,,,45.0,%,True,,144.0,nm,,nm,,,,,,,,,,,,,,,,,,
https://doi.org/10.1080/1539445X.2010.495630,396,False,PVDF,"[{""name"": ""PVDF""}]",False,DMF,"[{""name"": ""DMF""}]",25.0,wt%,,,,,,,,,Single Needle,,Rolling Drum,"{""rotationSpeed"": 750.0, ""rotationSpeedUnit"": ""rpm""}",20.0,kV,4.0,mL/h,15.0,cm,,,,,45.0,%,True,,1322.0,nm,,nm,,,,,,,,,,,,,,,,,,
https://doi.org/10.1080/1539445X.2010.495630,397,False,PVDF,"[{""name"": ""PVDF""}]",False,DMF,"[{""name"": ""DMF""}]",25.0,wt%,,,,,,,,,Single Needle,,Rolling Drum,"{""rotationSpeed"": 1000.0, ""rotationSpeedUnit"": ""rpm""}",20.0,kV,4.0,mL/h,15.0,cm,,,,,45.0,%,True,,558.0,nm,,nm,,,,,,,,,,,,,,,,,,
https://doi.org/10.1080/1539445X.2010.495630,398,False,PVDF,"[{""name"": ""PVDF""}]",False,DMF,"[{""name"": ""DMF""}]",25.0,wt%,,,,,,,,,Single Needle,,Rolling Drum,"{""rotationSpeed"": 1500.0, ""rotationSpeedUnit"": ""rpm""}",20.0,kV,4.0,mL/h,15.0,cm,,,,,45.0,%,True,,564.0,nm,,nm,,,,,,,,,,,,,,,,,,
https://doi.org/10.1080/1539445X.2010.495630,399,False,PVDF,"[{""name"": ""PVDF""}]",False,DMF,"[{""name"": ""DMF""}]",25.0,wt%,,,,,,,,,Single Needle,,Rolling Drum,"{""rotationSpeed"": 2000.0, ""rotationSpeedUnit"": ""rpm""}",20.0,kV,4.0,mL/h,15.0,cm,,,,,45.0,%,True,,498.0,nm,,nm,,,,,,,,,,,,,,,,,,
https://doi.org/10.1002/app.42304,400,False,PVDF,"[{""name"": ""PVDF""}]",False,DMF,"[{""name"": ""DMF""}]",20.0,wt%,,,,,,,,,Single Needle,,Rolling Drum,"{""rotationSpeed"": 2500.0, ""rotationSpeedUnit"": ""rpm""}",13.0,kV,1.0,mL/h,17.0,cm,,,,,45.0,%,True,,78.0,nm,,nm,,,,,,,,,,,,,,,,,,
https://doi.org/10.1002/app.42304,401,False,PVDF,"[{""name"": ""PVDF""}]",False,DMF,"[{""name"": ""DMF""}]",20.0,wt%,,,,,,,,,Single Needle,,Rolling Drum,"{""rotationSpeed"": 2500.0, ""rotationSpeedUnit"": ""rpm""}",21.0,kV,1.0,mL/h,17.0,cm,,,,,45.0,%,True,,72.0,nm,,nm,,,,,,,,,,,,,,,,,,
https://doi.org/10.1002/app.42304,402,False,PVDF,"[{""name"": ""PVDF""}]",False,DMF,"[{""name"": ""DMF""}]",20.0,wt%,,,,,,,,,Single Needle,,Rolling Drum,"{""rotationSpeed"": 2500.0, ""rotationSpeedUnit"": ""rpm""}",13.0,kV,0.5,mL/h,17.0,cm,,,,,45.0,%,True,,55.0,nm,,nm,,,,,,,,,,,,,,,,,,
https://doi.org/10.1002/app.42304,403,False,PVDF,"[{""name"": ""PVDF""}]",True,DMF-ACETONE,"[{""name"": ""DMF""}, {""name"": ""ACETONE""}]",20.0,wt%,,,,,,,,,Single Needle,,Rolling Drum,"{""rotationSpeed"": 2500.0, ""rotationSpeedUnit"": ""rpm""}",13.0,kV,1.0,mL/h,17.0,cm,,,,,45.0,%,True,,355.0,nm,,nm,,,,,,,,,,,,,,,,,,
https://doi.org/10.1002/app.42304,404,False,PVDF,"[{""name"": ""PVDF""}]",True,DMF-ACETONE,"[{""name"": ""DMF""}, {""name"": ""ACETONE""}]",20.0,wt%,,,,,,,,,Single Needle,,Rolling Drum,"{""rotationSpeed"": 2500.0, ""rotationSpeedUnit"": ""rpm""}",21.0,kV,1.0,mL/h,17.0,cm,,,,,45.0,%,True,,286.0,nm,,nm,,,,,,,,,,,,,,,,,,
https://doi.org/10.1002/app.42304,405,False,PVDF,"[{""name"": ""PVDF""}]",True,DMF-ACETONE,"[{""name"": ""DMF""}, {""name"": ""ACETONE""}]",20.0,wt%,,,,,,,,,Single Needle,,Rolling Drum,"{""rotationSpeed"": 2500.0, ""rotationSpeedUnit"": ""rpm""}",13.0,kV,0.5,mL/h,17.0,cm,,,,,45.0,%,True,,235.0,nm,,nm,,,,,,,,,,,,,,,,,,
https://doi.org/10.1002/app.42304,406,False,PVDF,"[{""name"": ""PVDF""}]",True,DMF-ACETONE,"[{""name"": ""DMF""}, {""name"": ""ACETONE""}]",20.0,wt%,,,,,,,,,Single Needle,,Rolling Drum,"{""rotationSpeed"": 2500.0, ""rotationSpeedUnit"": ""rpm""}",13.0,kV,1.0,mL/h,17.0,cm,,,,,45.0,%,True,,204.0,nm,,nm,,,,,,,,,,,,,,,,,,
https://doi.org/10.1002/app.42304,407,False,PVDF,"[{""name"": ""PVDF""}]",True,DMF-ACETONE,"[{""name"": ""DMF""}, {""name"": ""ACETONE""}]",20.0,wt%,,,,,,,,,Single Needle,,Rolling Drum,"{""rotationSpeed"": 2500.0, ""rotationSpeedUnit"": ""rpm""}",21.0,kV,1.0,mL/h,17.0,cm,,,,,45.0,%,True,,175.0,nm,,nm,,,,,,,,,,,,,,,,,,
https://doi.org/10.1002/app.42304,408,False,PVDF,"[{""name"": ""PVDF""}]",True,DMF-ACETONE,"[{""name"": ""DMF""}, {""name"": ""ACETONE""}]",20.0,wt%,,,,,,,,,Single Needle,,Rolling Drum,"{""rotationSpeed"": 2500.0, ""rotationSpeedUnit"": ""rpm""}",13.0,kV,0.5,mL/h,17.0,cm,,,,,45.0,%,True,,146.0,nm,,nm,,,,,,,,,,,,,,,,,,
https://doi.org/10.1515/epoly-2018-0037,409,False,PVDF,"[{""name"": ""PVDF""}]",True,DMF-ACETONE,"[{""name"": ""DMF""}, {""name"": ""ACETONE""}]",15.0,wt%,,,,,,,,,Single Needle,,Flat,,13.0,kV,5.81,mL/h,15.0,cm,,,20.0,,50.0,%,True,,730.0,nm,,nm,,,,,,,,,,,,,,,,,,
https://doi.org/10.1515/epoly-2018-0037,410,False,PVDF,"[{""name"": ""PVDF""}]",True,DMF-ACETONE,"[{""name"": ""DMF""}, {""name"": ""ACETONE""}]",15.0,wt%,,,,,,,,,Single Needle,,Flat,,13.0,kV,9.47,mL/h,15.0,cm,,,20.0,,50.0,%,True,,1250.0,nm,,nm,,,,,,,,,,,,,,,,,,
https://doi.org/10.1515/epoly-2018-0037,411,False,PVDF,"[{""name"": ""PVDF""}]",True,DMF-ACETONE,"[{""name"": ""DMF""}, {""name"": ""ACETONE""}]",15.0,wt%,,,,,,,,,Single Needle,,Flat,,13.0,kV,12.86,mL/h,15.0,cm,,,20.0,,50.0,%,True,,1820.0,nm,,nm,,,,,,,,,,,,,,,,,,
https://doi.org/10.1515/epoly-2018-0037,412,False,PVDF,"[{""name"": ""PVDF""}]",True,DMF-ACETONE,"[{""name"": ""DMF""}, {""name"": ""ACETONE""}]",15.0,wt%,,,,,,,,,Single Needle,,Flat,,13.0,kV,14.21,mL/h,15.0,cm,,,20.0,,50.0,%,True,,2030.0,nm,,nm,,,,,,,,,,,,,,,,,,
https://doi.org/10.1515/epoly-2018-0037,413,False,PVDF,"[{""name"": ""PVDF""}]",True,DMF-ACETONE,"[{""name"": ""DMF""}, {""name"": ""ACETONE""}]",15.0,wt%,,,,,,,,,Single Needle,,Flat,,13.0,kV,4.14,mL/h,15.0,cm,,,20.0,,50.0,%,False,,,nm,,nm,,,,,,,,,,,,,,,,,,
https://doi.org/10.3390/fib8100065,414,False,PVDF,"[{""name"": ""PVDF""}]",True,DMF-ACETONE,"[{""name"": ""DMF""}, {""name"": ""ACETONE""}]",24.0,wt%,,,,,,,,,Single Needle,,Rolling Drum,"{""rotationSpeed"": 2500.0, ""rotationSpeedUnit"": ""rpm""}",15.0,kV,4.0,mL/h,14.0,cm,,,25.0,,30.0,%,True,,920.0,nm,,nm,,,,,,,,,,,,,,,,,,
https://doi.org/10.3390/fib8100065,415,False,PVDF,"[{""name"": ""PVDF""}]",True,DMF-ACETONE,"[{""name"": ""DMF""}, {""name"": ""ACETONE""}]",24.0,wt%,,,,,,,,,Single Needle,,Rolling Drum,"{""rotationSpeed"": 2500.0, ""rotationSpeedUnit"": ""rpm""}",15.0,kV,4.0,mL/h,14.0,cm,,,25.0,,60.0,%,True,,1680.0,nm,,nm,,,,,,,,,,,,,,,,,,
https://doi.org/10.1002/app.21762,416,False,PVDF,"[{""name"": ""PVDF""}]",True,DMF-ACETONE,"[{""name"": ""DMF""}, {""name"": ""ACETONE""}]",15.0,,,,,,,,,,Single Needle,,Rolling Drum,"{""rotationSpeed"": 43.0, ""rotationSpeedUnit"": ""rpm""}",5.0,kV,0.3,mL/h,10.0,cm,,,,,45.0,%,True,,172.0,nm,,nm,,,,,,,,,,,,,,,,,,
https://doi.org/10.1002/app.21762,417,False,PVDF,"[{""name"": ""PVDF""}]",True,DMF-ACETONE,"[{""name"": ""DMF""}, {""name"": ""ACETONE""}]",15.0,,,,,,,,,,Single Needle,,Rolling Drum,"{""rotationSpeed"": 43.0, ""rotationSpeedUnit"": ""rpm""}",5.0,kV,0.3,mL/h,15.0,cm,,,,,45.0,%,True,,250.0,nm,,nm,,,,,,,,,,,,,,,,,,
https://doi.org/10.1002/app.21762,418,False,PVDF,"[{""name"": ""PVDF""}]",True,DMF-ACETONE,"[{""name"": ""DMF""}, {""name"": ""ACETONE""}]",15.0,,,,,,,,,,Single Needle,,Rolling Drum,"{""rotationSpeed"": 43.0, ""rotationSpeedUnit"": ""rpm""}",5.0,kV,0.3,mL/h,20.0,cm,,,,,45.0,%,True,,200.0,nm,,nm,,,,,,,,,,,,,,,,,,
https://doi.org/10.1002/app.21762,419,False,PVDF,"[{""name"": ""PVDF""}]",True,DMF-ACETONE,"[{""name"": ""DMF""}, {""name"": ""ACETONE""}]",10.0,,,,,,,,,,Single Needle,,Rolling Drum,"{""rotationSpeed"": 43.0, ""rotationSpeedUnit"": ""rpm""}",5.0,kV,0.3,mL/h,10.0,cm,,,,,45.0,%,False,,,nm,,nm,,,,,,,,,,,,,,,,,,
https://doi.org/10.1016/j.matlet.2015.08.003,420,False,PVDF,"[{""name"": ""PVDF""}]",True,DMF-ACETONE,"[{""name"": ""DMF""}, {""name"": ""ACETONE""}]",10.0,wt%,,,,,,,,,Single Needle,,Flat,,18.0,kV,4.0,mL/h,25.0,cm,,,,,45.0,%,True,,570.0,nm,,nm,,,,,,,,,,,,,,,,,,
https://doi.org/10.1016/j.matlet.2015.08.003,421,False,PVDF,"[{""name"": ""PVDF""}]",True,DMF-ACETONE,"[{""name"": ""DMF""}, {""name"": ""ACETONE""}]",12.5,wt%,,,,,,,,,Single Needle,,Flat,,18.0,kV,4.0,mL/h,25.0,cm,,,,,45.0,%,True,,980.0,nm,,nm,,,,,,,,,,,,,,,,,,
https://doi.org/10.1016/j.matlet.2015.08.003,422,False,PVDF,"[{""name"": ""PVDF""}]",True,DMF-ACETONE,"[{""name"": ""DMF""}, {""name"": ""ACETONE""}]",15.0,wt%,,,,,,,,,Single Needle,,Flat,,18.0,kV,4.0,mL/h,25.0,cm,,,,,45.0,%,True,,2020.0,nm,,nm,,,,,,,,,,,,,,,,,,
https://doi.org/10.1016/j.matlet.2015.08.003,423,False,PVDF,"[{""name"": ""PVDF""}]",True,DMF-ACETONE,"[{""name"": ""DMF""}, {""name"": ""ACETONE""}]",16.0,wt%,,,,,,,,,Single Needle,,Flat,,18.0,kV,4.0,mL/h,25.0,cm,,,,,45.0,%,True,,3100.0,nm,,nm,,,,,,,,,,,,,,,,,,
https://doi.org/10.1016/j.matlet.2015.08.003,424,False,PVDF,"[{""name"": ""PVDF""}]",True,DMF-ACETONE,"[{""name"": ""DMF""}, {""name"": ""ACETONE""}]",17.5,wt%,,,,,,,,,Single Needle,,Flat,,18.0,kV,4.0,mL/h,25.0,cm,,,,,45.0,%,True,,4800.0,nm,,nm,,,,,,,,,,,,,,,,,,
https://doi.org/10.1002/marc.200700544,425,False,PVDF,"[{""name"": ""PVDF""}]",True,DMF-ACETONE,"[{""name"": ""DMF""}, {""name"": ""ACETONE""}]",15.0,,,,,,,,,,Single Needle,,Flat,,13.0,kV,3.0,mL/h,15.0,cm,,,50.0,,45.0,%,True,,150.0,nm,,nm,,,,,,,,,,,,,,,,,,
https://doi.org/10.1002/marc.200700544,426,False,PVDF,"[{""name"": ""PVDF""}]",True,DMF-ACETONE,"[{""name"": ""DMF""}, {""name"": ""ACETONE""}]",20.0,,,,,,,,,,Single Needle,,Flat,,13.0,kV,3.0,mL/h,15.0,cm,,,50.0,,45.0,%,True,,340.0,nm,,nm,,,,,,,,,,,,,,,,,,
https://doi.org/10.1002/marc.200700544,427,False,PVDF,"[{""name"": ""PVDF""}]",True,DMF-ACETONE,"[{""name"": ""DMF""}, {""name"": ""ACETONE""}]",25.0,,,,,,,,,,Single Needle,,Flat,,13.0,kV,3.0,mL/h,15.0,cm,,,50.0,,45.0,%,True,,680.0,nm,,nm,,,,,,,,,,,,,,,,,,
https://doi.org/10.1002/marc.200700544,428,False,PVDF,"[{""name"": ""PVDF""}]",True,DMF-ACETONE,"[{""name"": ""DMF""}, {""name"": ""ACETONE""}]",15.0,,,,,,,,,,Single Needle,,Flat,,13.0,kV,3.0,mL/h,15.0,cm,,,27.0,,45.0,%,True,,1020.0,nm,,nm,,,,,,,,,,,,,,,,,,
https://doi.org/10.1007/s10965-014-0571-8.,429,False,PVDF,"[{""name"": ""PVDF""}]",True,DMF-ACETONE,"[{""name"": ""DMF""}, {""name"": ""ACETONE""}]",20.0,wt%,,,,,,,,,Single Needle,,Rolling Drum,"{""rotationSpeed"": 180.0, ""rotationSpeedUnit"": ""rpm""}",14.0,kV,0.5,mL/h,15.0,cm,,,,,45.0,%,True,,85.0,nm,,nm,,,,,,,,,,,,,,,,,,
https://doi.org/10.1007/s10965-014-0571-8.,430,False,PVDF,"[{""name"": ""PVDF""}]",True,DMF-ACETONE,"[{""name"": ""DMF""}, {""name"": ""ACETONE""}]",20.0,wt%,,,,,,,,,Single Needle,,Rolling Drum,"{""rotationSpeed"": 180.0, ""rotationSpeedUnit"": ""rpm""}",16.0,kV,0.5,mL/h,15.0,cm,,,,,45.0,%,True,,108.0,nm,,nm,,,,,,,,,,,,,,,,,,
https://doi.org/10.1007/s10965-014-0571-8.,431,False,PVDF,"[{""name"": ""PVDF""}]",True,DMF-ACETONE,"[{""name"": ""DMF""}, {""name"": ""ACETONE""}]",10.0,wt%,,,,,,,,,Single Needle,,Rolling Drum,"{""rotationSpeed"": 180.0, ""rotationSpeedUnit"": ""rpm""}",10.5,kV,1.0,mL/h,15.0,cm,,,,,45.0,%,True,,110.0,nm,,nm,,,,,,,,,,,,,,,,,,
https://doi.org/10.1007/s10965-014-0571-8.,432,False,PVDF,"[{""name"": ""PVDF""}]",True,DMF-ACETONE,"[{""name"": ""DMF""}, {""name"": ""ACETONE""}]",10.0,wt%,,,,,,,,,Single Needle,,Rolling Drum,"{""rotationSpeed"": 180.0, ""rotationSpeedUnit"": ""rpm""}",15.0,kV,0.5,mL/h,12.0,cm,,,,,45.0,%,False,,,nm,,nm,,,,,,,,,,,,,,,,,,
https://doi.org/10.1007/s10965-014-0571-8.,433,False,PVDF,"[{""name"": ""PVDF""}]",True,DMF-ACETONE,"[{""name"": ""DMF""}, {""name"": ""ACETONE""}]",10.0,wt%,,,,,,,,,Single Needle,,Rolling Drum,"{""rotationSpeed"": 180.0, ""rotationSpeedUnit"": ""rpm""}",15.0,kV,0.5,mL/h,15.0,cm,,,,,45.0,%,False,,,nm,,nm,,,,,,,,,,,,,,,,,,
https://doi.org/10.1007/s10965-014-0571-8.,434,False,PVDF,"[{""name"": ""PVDF""}]",True,DMF-ACETONE,"[{""name"": ""DMF""}, {""name"": ""ACETONE""}]",10.0,wt%,,,,,,,,,Single Needle,,Rolling Drum,"{""rotationSpeed"": 180.0, ""rotationSpeedUnit"": ""rpm""}",17.0,kV,0.5,mL/h,15.0,cm,,,,,45.0,%,False,,,nm,,nm,,,,,,,,,,,,,,,,,,
https://doi.org/10.1007/s10965-014-0571-8.,435,False,PVDF,"[{""name"": ""PVDF""}]",True,DMF-ACETONE,"[{""name"": ""DMF""}, {""name"": ""ACETONE""}]",14.0,wt%,,,,,,,,,Single Needle,,Rolling Drum,"{""rotationSpeed"": 180.0, ""rotationSpeedUnit"": ""rpm""}",17.0,kV,0.5,mL/h,15.0,cm,,,,,45.0,%,True,,90.0,nm,,nm,,,,,,,,,,,,,,,,,,
https://doi.org/10.1007/s10965-014-0571-8.,436,False,PVDF,"[{""name"": ""PVDF""}]",True,DMF-ACETONE,"[{""name"": ""DMF""}, {""name"": ""ACETONE""}]",14.0,wt%,,,,,,,,,Single Needle,,Rolling Drum,"{""rotationSpeed"": 180.0, ""rotationSpeedUnit"": ""rpm""}",17.0,kV,0.5,mL/h,12.0,cm,,,,,45.0,%,True,,94.0,nm,,nm,,,,,,,,,,,,,,,,,,
https://doi.org/10.1007/s10965-014-0571-8.,437,False,PVDF,"[{""name"": ""PVDF""}]",True,DMF-ACETONE,"[{""name"": ""DMF""}, {""name"": ""ACETONE""}]",14.0,wt%,,,,,,,,,Single Needle,,Rolling Drum,"{""rotationSpeed"": 180.0, ""rotationSpeedUnit"": ""rpm""}",15.0,kV,0.5,mL/h,15.0,cm,,,,,45.0,%,True,,190.0,nm,,nm,,,,,,,,,,,,,,,,,,
https://doi.org/10.1007/s10965-014-0571-8.,438,False,PVDF,"[{""name"": ""PVDF""}]",True,DMF-ACETONE,"[{""name"": ""DMF""}, {""name"": ""ACETONE""}]",17.0,wt%,,,,,,,,,Single Needle,,Rolling Drum,"{""rotationSpeed"": 180.0, ""rotationSpeedUnit"": ""rpm""}",17.0,kV,0.5,mL/h,15.0,cm,,,,,45.0,%,True,,109.0,nm,,nm,,,,,,,,,,,,,,,,,,
https://doi.org/10.1007/s10965-014-0571-8.,439,False,PVDF,"[{""name"": ""PVDF""}]",True,DMF-ACETONE,"[{""name"": ""DMF""}, {""name"": ""ACETONE""}]",17.0,wt%,,,,,,,,,Single Needle,,Rolling Drum,"{""rotationSpeed"": 180.0, ""rotationSpeedUnit"": ""rpm""}",17.0,kV,0.5,mL/h,10.0,cm,,,,,45.0,%,True,,102.0,nm,,nm,,,,,,,,,,,,,,,,,,
https://doi.org/10.1007/s10965-014-0571-8.,440,False,PVDF,"[{""name"": ""PVDF""}]",True,DMF-ACETONE,"[{""name"": ""DMF""}, {""name"": ""ACETONE""}]",20.0,wt%,,,,,,,,,Single Needle,,Rolling Drum,"{""rotationSpeed"": 180.0, ""rotationSpeedUnit"": ""rpm""}",13.0,kV,0.5,mL/h,15.0,cm,,,,,45.0,%,True,,160.0,nm,,nm,,,,,,,,,,,,,,,,,,
https://doi.org/10.1007/s10965-014-0571-8.,441,False,PVDF,"[{""name"": ""PVDF""}]",True,DMF-ACETONE,"[{""name"": ""DMF""}, {""name"": ""ACETONE""}]",20.0,wt%,,,,,,,,,Single Needle,,Rolling Drum,"{""rotationSpeed"": 180.0, ""rotationSpeedUnit"": ""rpm""}",11.5,kV,0.5,mL/h,15.0,cm,,,,,45.0,%,True,,131.0,nm,,nm,,,,,,,,,,,,,,,,,,
https://doi.org/10.1007/s10965-014-0571-8.,442,False,PVDF,"[{""name"": ""PVDF""}]",True,DMF-ACETONE,"[{""name"": ""DMF""}, {""name"": ""ACETONE""}]",20.0,wt%,,,,,,,,,Single Needle,,Rolling Drum,"{""rotationSpeed"": 180.0, ""rotationSpeedUnit"": ""rpm""}",16.0,kV,0.5,mL/h,15.0,cm,,,,,45.0,%,True,,115.0,nm,,nm,,,,,,,,,,,,,,,,,,
https://doi.org/10.1007/s10965-014-0571-8.,443,False,PVDF,"[{""name"": ""PVDF""}]",True,DMF-ACETONE,"[{""name"": ""DMF""}, {""name"": ""ACETONE""}]",23.0,wt%,,,,,,,,,Single Needle,,Rolling Drum,"{""rotationSpeed"": 180.0, ""rotationSpeedUnit"": ""rpm""}",17.0,kV,0.5,mL/h,15.0,cm,,,,,45.0,%,True,,232.0,nm,,nm,,,,,,,,,,,,,,,,,,
https://doi.org/10.1007/s10965-014-0571-8.,444,False,PVDF,"[{""name"": ""PVDF""}]",True,DMF-ACETONE,"[{""name"": ""DMF""}, {""name"": ""ACETONE""}]",23.0,wt%,,,,,,,,,Single Needle,,Rolling Drum,"{""rotationSpeed"": 180.0, ""rotationSpeedUnit"": ""rpm""}",20.0,kV,0.5,mL/h,15.0,cm,,,,,45.0,%,True,,260.0,nm,,nm,,,,,,,,,,,,,,,,,,
https://doi.org/10.1007/s10965-014-0571-8.,445,False,PVDF,"[{""name"": ""PVDF""}]",True,DMF-ACETONE,"[{""name"": ""DMF""}, {""name"": ""ACETONE""}]",26.0,wt%,,,,,,,,,Single Needle,,Rolling Drum,"{""rotationSpeed"": 180.0, ""rotationSpeedUnit"": ""rpm""}",15.0,kV,0.5,mL/h,15.0,cm,,,,,45.0,%,True,,424.0,nm,,nm,,,,,,,,,,,,,,,,,,
https://doi.org/10.1007/s10965-014-0571-8.,446,False,PVDF,"[{""name"": ""PVDF""}]",True,DMF-ACETONE,"[{""name"": ""DMF""}, {""name"": ""ACETONE""}]",26.0,wt%,,,,,,,,,Single Needle,,Rolling Drum,"{""rotationSpeed"": 180.0, ""rotationSpeedUnit"": ""rpm""}",15.0,kV,0.5,mL/h,15.0,cm,,,,,45.0,%,True,,396.0,nm,,nm,,,,,,,,,,,,,,,,,,
https://doi.org/10.1007/s10965-014-0571-8.,447,False,PVDF,"[{""name"": ""PVDF""}]",True,DMF-ACETONE,"[{""name"": ""DMF""}, {""name"": ""ACETONE""}]",26.0,wt%,,,,,,,,,Single Needle,,Rolling Drum,"{""rotationSpeed"": 180.0, ""rotationSpeedUnit"": ""rpm""}",20.0,kV,0.5,mL/h,15.0,cm,,,,,45.0,%,True,,812.0,nm,,nm,,,,,,,,,,,,,,,,,,
https://doi.org/10.1007/s10965-014-0571-8.,448,False,PVDF,"[{""name"": ""PVDF""}]",True,DMF-ACETONE,"[{""name"": ""DMF""}, {""name"": ""ACETONE""}]",30.0,wt%,,,,,,,,,Single Needle,,Rolling Drum,"{""rotationSpeed"": 180.0, ""rotationSpeedUnit"": ""rpm""}",16.0,kV,0.5,mL/h,15.0,cm,,,,,45.0,%,True,,1131.0,nm,,nm,,,,,,,,,,,,,,,,,,
https://doi.org/10.1007/s10965-014-0571-8.,449,False,PVDF,"[{""name"": ""PVDF""}]",True,DMF-ACETONE,"[{""name"": ""DMF""}, {""name"": ""ACETONE""}]",30.0,wt%,,,,,,,,,Single Needle,,Rolling Drum,"{""rotationSpeed"": 180.0, ""rotationSpeedUnit"": ""rpm""}",18.0,kV,0.5,mL/h,15.0,cm,,,,,45.0,%,True,,1127.0,nm,,nm,,,,,,,,,,,,,,,,,,
https://doi.org/10.1021/acsami.0c02578.,450,False,PVDF,"[{""name"": ""PVDF""}]",True,DMF-ACETONE,"[{""name"": ""DMF""}, {""name"": ""ACETONE""}]",24.0,wt%,,,,,,,,,Single Needle,,Flat,,15.0,kV,6.0,mL/h,18.0,cm,,,25.0,,30.0,%,True,,830.0,nm,,nm,,,,,,,,,,,,,,,,,,
https://doi.org/10.1021/acsami.0c02578.,451,False,PVDF,"[{""name"": ""PVDF""}]",True,DMF-ACETONE,"[{""name"": ""DMF""}, {""name"": ""ACETONE""}]",24.0,wt%,,,,,,,,,Single Needle,,Flat,,15.0,kV,6.0,mL/h,18.0,cm,,,25.0,,60.0,%,True,,1260.0,nm,,nm,,,,,,,,,,,,,,,,,,
https://doi.org/10.1016/j.polymertesting.2019.106218,452,False,PVDF,"[{""name"": ""PVDF""}]",True,DMF-ACETONE,"[{""name"": ""DMF""}, {""name"": ""ACETONE""}]",15.0,wt%,,,,,,,,,Single Needle,,Flat,,20.0,kV,0.5,mL/h,15.0,cm,,,,,45.0,%,True,,997.0,nm,,nm,,,,,,,,,,,,,,,,,,
https://doi.org/10.1016/j.polymertesting.2019.106218,453,False,PVDF,"[{""name"": ""PVDF""}]",True,DMF-ACETONE,"[{""name"": ""DMF""}, {""name"": ""ACETONE""}]",15.0,wt%,,,,,,,,,Single Needle,,Flat,,20.0,kV,0.5,mL/h,17.5,cm,,,,,45.0,%,True,,858.0,nm,,nm,,,,,,,,,,,,,,,,,,
https://doi.org/10.1016/j.polymertesting.2019.106218,454,False,PVDF,"[{""name"": ""PVDF""}]",True,DMF-ACETONE,"[{""name"": ""DMF""}, {""name"": ""ACETONE""}]",15.0,wt%,,,,,,,,,Single Needle,,Flat,,20.0,kV,0.5,mL/h,20.0,cm,,,,,45.0,%,True,,1183.0,nm,,nm,,,,,,,,,,,,,,,,,,
https://doi.org/10.1109/NANO.2013.6720964,455,False,PVDF,"[{""name"": ""PVDF""}]",True,NMP-ACETONE,"[{""name"": ""NMP""}, {""name"": ""ACETONE""}]",16.0,wt%,,,,,,,,,Single Needle,,Rolling Drum,"{""rotationSpeed"": 500.0, ""rotationSpeedUnit"": ""rpm""}",5.0,kV,0.15,mL/h,10.0,cm,,,,,45.0,%,True,,750.0,nm,,nm,,,,,,,,,,,,,,,,,,
https://doi.org/10.1109/NANO.2013.6720964,456,False,PVDF,"[{""name"": ""PVDF""}]",True,NMP-ACETONE,"[{""name"": ""NMP""}, {""name"": ""ACETONE""}]",16.0,wt%,,,,,,,,,Single Needle,,Rolling Drum,"{""rotationSpeed"": 1000.0, ""rotationSpeedUnit"": ""rpm""}",5.0,kV,0.15,mL/h,10.0,cm,,,,,45.0,%,True,,875.0,nm,,nm,,,,,,,,,,,,,,,,,,
https://doi.org/10.1109/NANO.2013.6720964,457,False,PVDF,"[{""name"": ""PVDF""}]",True,NMP-ACETONE,"[{""name"": ""NMP""}, {""name"": ""ACETONE""}]",16.0,wt%,,,,,,,,,Single Needle,,Rolling Drum,"{""rotationSpeed"": 1500.0, ""rotationSpeedUnit"": ""rpm""}",5.0,kV,0.15,mL/h,10.0,cm,,,,,45.0,%,True,,675.0,nm,,nm,,,,,,,,,,,,,,,,,,
https://doi.org/10.1109/NANO.2013.6720964,458,False,PVDF,"[{""name"": ""PVDF""}]",True,NMP-ACETONE,"[{""name"": ""NMP""}, {""name"": ""ACETONE""}]",16.0,wt%,,,,,,,,,Single Needle,,Rolling Drum,"{""rotationSpeed"": 2000.0, ""rotationSpeedUnit"": ""rpm""}",5.0,kV,0.15,mL/h,10.0,cm,,,,,45.0,%,True,,625.0,nm,,nm,,,,,,,,,,,,,,,,,,
https://doi.org/10.1063/1.4994968,459,False,PVDF,"[{""name"": ""PVDF""}]",True,DMF-ACETONE,"[{""name"": ""DMF""}, {""name"": ""ACETONE""}]",14.0,wt%,,,,,,,,,Single Needle,"{""size"": 9.0, ""unit"": ""G""}",Rolling Drum,"{""rotationSpeed"": 1500.0, ""rotationSpeedUnit"": ""rpm""}",6.0,kV,1.0,mL/h,15.0,cm,,,,,45.0,%,True,,800.0,nm,,nm,,,,,,,,,,,,,,,,,,
https://doi.org/10.3390/polym14030593,460,False,PVDF,"[{""name"": ""PVDF""}]",True,DMSO-ACETONE,"[{""name"": ""DMSO""}, {""name"": ""ACETONE""}]",20.0,wt%,,,,,,,,,Single Needle,"{""size"": 7.0, ""unit"": ""G""}",Rolling Drum,"{""rotationSpeed"": 300.0, ""rotationSpeedUnit"": ""rpm""}",50.0,kV,1.08,mL/h,20.0,cm,,,24.0,,26.0,%,True,,966.0,nm,,nm,,,,,,,,,,,,,,,,,,
https://doi.org/10.3390/polym14030593,461,False,PVDF,"[{""name"": ""PVDF""}]",True,DMSO-ACETONE,"[{""name"": ""DMSO""}, {""name"": ""ACETONE""}]",20.0,wt%,,,,,,,,,Single Needle,"{""size"": 7.0, ""unit"": ""G""}",Rolling Drum,"{""rotationSpeed"": 2000.0, ""rotationSpeedUnit"": ""rpm""}",50.0,kV,1.08,mL/h,20.0,cm,,,,,45.0,%,True,,395.0,nm,,nm,,,,,,,,,,,,,,,,,,
http://dx.doi.org/10.1007/BF03218855,462,False,PVDF,"[{""name"": ""PVDF""}]",True,DMAC-ACETONE,"[{""name"": ""DMAC""}, {""name"": ""ACETONE""}]",19.0,wt%,,,,,,,,,Single Needle,"{""size"": 14.0, ""unit"": ""G""}",Flat,,6.0,kV,0.5,mL/h,10.0,cm,,,21.0,,20.0,%,True,,710.0,nm,,nm,,,,,,,,,,,,,,,,,,
http://dx.doi.org/10.1007/BF03218855,463,False,PVDF,"[{""name"": ""PVDF""}]",True,DMAC-ACETONE,"[{""name"": ""DMAC""}, {""name"": ""ACETONE""}]",19.0,wt%,,,,,,,,,Single Needle,"{""size"": 14.0, ""unit"": ""G""}",Flat,,6.0,kV,0.5,mL/h,10.0,cm,,,21.0,,20.0,%,True,,710.0,nm,,nm,,,,,,,,,,,,,,,,,,
http://dx.doi.org/10.1007/BF03218855,464,False,PVDF,"[{""name"": ""PVDF""}]",True,DMAC-ACETONE,"[{""name"": ""DMAC""}, {""name"": ""ACETONE""}]",19.0,wt%,,,,,,,,,Single Needle,"{""size"": 14.0, ""unit"": ""G""}",Flat,,6.0,kV,0.5,mL/h,10.0,cm,,,21.0,,20.0,%,True,,710.0,nm,,nm,,,,,,,,,,,,,,,,,,
http://dx.doi.org/10.1007/BF03218855,465,False,PVDF,"[{""name"": ""PVDF""}]",True,DMAC-ACETONE,"[{""name"": ""DMAC""}, {""name"": ""ACETONE""}]",19.0,wt%,,,,,,,,,Single Needle,"{""size"": 14.0, ""unit"": ""G""}",Flat,,6.0,kV,0.5,mL/h,10.0,cm,,,21.0,,20.0,%,True,,710.0,nm,,nm,,,,,,,,,,,,,,,,,,
http://dx.doi.org/10.1007/BF03218855,466,False,PVDF,"[{""name"": ""PVDF""}]",True,DMAC-ACETONE,"[{""name"": ""DMAC""}, {""name"": ""ACETONE""}]",19.0,wt%,,,,,,,,,Single Needle,"{""size"": 14.0, ""unit"": ""G""}",Flat,,6.0,kV,0.5,mL/h,10.0,cm,,,21.0,,20.0,%,True,,710.0,nm,,nm,,,,,,,,,,,,,,,,,,
http://dx.doi.org/10.1007/BF03218855,467,False,PVDF,"[{""name"": ""PVDF""}]",True,DMAC-ACETONE,"[{""name"": ""DMAC""}, {""name"": ""ACETONE""}]",19.0,wt%,,,,,,,,,Single Needle,"{""size"": 14.0, ""unit"": ""G""}",Flat,,6.0,kV,0.5,mL/h,10.0,cm,,,21.0,,20.0,%,True,,710.0,nm,,nm,,,,,,,,,,,,,,,,,,
http://dx.doi.org/10.1007/BF03218855,468,False,PVDF,"[{""name"": ""PVDF""}]",True,DMAC-ACETONE,"[{""name"": ""DMAC""}, {""name"": ""ACETONE""}]",19.0,wt%,,,,,,,,,Single Needle,"{""size"": 14.0, ""unit"": ""G""}",Flat,,6.0,kV,0.5,mL/h,10.0,cm,,,21.0,,20.0,%,True,,710.0,nm,,nm,,,,,,,,,,,,,,,,,,
http://dx.doi.org/10.1007/BF03218855,469,False,PVDF,"[{""name"": ""PVDF""}]",True,DMAC-ACETONE,"[{""name"": ""DMAC""}, {""name"": ""ACETONE""}]",19.0,wt%,,,,,,,,,Single Needle,"{""size"": 14.0, ""unit"": ""G""}",Flat,,10.0,kV,0.5,mL/h,10.0,cm,,,21.0,,20.0,%,True,,560.0,nm,,nm,,,,,,,,,,,,,,,,,,
http://dx.doi.org/10.1007/BF03218855,470,False,PVDF,"[{""name"": ""PVDF""}]",True,DMAC-ACETONE,"[{""name"": ""DMAC""}, {""name"": ""ACETONE""}]",19.0,wt%,,,,,,,,,Single Needle,"{""size"": 14.0, ""unit"": ""G""}",Flat,,10.0,kV,0.5,mL/h,10.0,cm,,,21.0,,20.0,%,True,,560.0,nm,,nm,,,,,,,,,,,,,,,,,,
http://dx.doi.org/10.1007/BF03218855,471,False,PVDF,"[{""name"": ""PVDF""}]",True,DMAC-ACETONE,"[{""name"": ""DMAC""}, {""name"": ""ACETONE""}]",19.0,wt%,,,,,,,,,Single Needle,"{""size"": 14.0, ""unit"": ""G""}",Flat,,10.0,kV,0.5,mL/h,10.0,cm,,,21.0,,20.0,%,True,,560.0,nm,,nm,,,,,,,,,,,,,,,,,,
http://dx.doi.org/10.1007/BF03218855,472,False,PVDF,"[{""name"": ""PVDF""}]",True,DMAC-ACETONE,"[{""name"": ""DMAC""}, {""name"": ""ACETONE""}]",19.0,wt%,,,,,,,,,Single Needle,"{""size"": 14.0, ""unit"": ""G""}",Flat,,10.0,kV,0.5,mL/h,10.0,cm,,,21.0,,20.0,%,True,,560.0,nm,,nm,,,,,,,,,,,,,,,,,,
http://dx.doi.org/10.1007/BF03218855,473,False,PVDF,"[{""name"": ""PVDF""}]",True,DMAC-ACETONE,"[{""name"": ""DMAC""}, {""name"": ""ACETONE""}]",19.0,wt%,,,,,,,,,Single Needle,"{""size"": 14.0, ""unit"": ""G""}",Flat,,10.0,kV,0.5,mL/h,10.0,cm,,,21.0,,20.0,%,True,,560.0,nm,,nm,,,,,,,,,,,,,,,,,,
http://dx.doi.org/10.1007/BF03218855,474,False,PVDF,"[{""name"": ""PVDF""}]",True,DMAC-ACETONE,"[{""name"": ""DMAC""}, {""name"": ""ACETONE""}]",19.0,wt%,,,,,,,,,Single Needle,"{""size"": 14.0, ""unit"": ""G""}",Flat,,10.0,kV,0.5,mL/h,10.0,cm,,,21.0,,20.0,%,True,,560.0,nm,,nm,,,,,,,,,,,,,,,,,,
http://dx.doi.org/10.1007/BF03218855,475,False,PVDF,"[{""name"": ""PVDF""}]",True,DMAC-ACETONE,"[{""name"": ""DMAC""}, {""name"": ""ACETONE""}]",19.0,wt%,,,,,,,,,Single Needle,"{""size"": 14.0, ""unit"": ""G""}",Flat,,10.0,kV,0.5,mL/h,10.0,cm,,,21.0,,20.0,%,True,,560.0,nm,,nm,,,,,,,,,,,,,,,,,,
http://dx.doi.org/10.1007/BF03218855,476,False,PVDF,"[{""name"": ""PVDF""}]",True,DMAC-ACETONE,"[{""name"": ""DMAC""}, {""name"": ""ACETONE""}]",19.0,wt%,,,,,,,,,Single Needle,"{""size"": 14.0, ""unit"": ""G""}",Flat,,7.0,kV,0.5,mL/h,10.0,cm,,,21.0,,20.0,%,True,,640.0,nm,,nm,,,,,,,,,,,,,,,,,,
http://dx.doi.org/10.1007/BF03218855,477,False,PVDF,"[{""name"": ""PVDF""}]",True,DMAC-ACETONE,"[{""name"": ""DMAC""}, {""name"": ""ACETONE""}]",19.0,wt%,,,,,,,,,Single Needle,"{""size"": 14.0, ""unit"": ""G""}",Flat,,7.0,kV,0.5,mL/h,10.0,cm,,,21.0,,20.0,%,True,,640.0,nm,,nm,,,,,,,,,,,,,,,,,,
http://dx.doi.org/10.1007/BF03218855,478,False,PVDF,"[{""name"": ""PVDF""}]",True,DMAC-ACETONE,"[{""name"": ""DMAC""}, {""name"": ""ACETONE""}]",19.0,wt%,,,,,,,,,Single Needle,"{""size"": 14.0, ""unit"": ""G""}",Flat,,7.0,kV,0.5,mL/h,10.0,cm,,,21.0,,20.0,%,True,,640.0,nm,,nm,,,,,,,,,,,,,,,,,,
http://dx.doi.org/10.1007/BF03218855,479,False,PVDF,"[{""name"": ""PVDF""}]",True,DMAC-ACETONE,"[{""name"": ""DMAC""}, {""name"": ""ACETONE""}]",19.0,wt%,,,,,,,,,Single Needle,"{""size"": 14.0, ""unit"": ""G""}",Flat,,7.0,kV,0.5,mL/h,10.0,cm,,,21.0,,20.0,%,True,,640.0,nm,,nm,,,,,,,,,,,,,,,,,,
http://dx.doi.org/10.1007/BF03218855,480,False,PVDF,"[{""name"": ""PVDF""}]",True,DMAC-ACETONE,"[{""name"": ""DMAC""}, {""name"": ""ACETONE""}]",19.0,wt%,,,,,,,,,Single Needle,"{""size"": 14.0, ""unit"": ""G""}",Flat,,7.0,kV,0.5,mL/h,10.0,cm,,,21.0,,20.0,%,True,,640.0,nm,,nm,,,,,,,,,,,,,,,,,,
http://dx.doi.org/10.1007/BF03218855,481,False,PVDF,"[{""name"": ""PVDF""}]",True,DMAC-ACETONE,"[{""name"": ""DMAC""}, {""name"": ""ACETONE""}]",19.0,wt%,,,,,,,,,Single Needle,"{""size"": 14.0, ""unit"": ""G""}",Flat,,7.0,kV,0.5,mL/h,10.0,cm,,,21.0,,20.0,%,True,,640.0,nm,,nm,,,,,,,,,,,,,,,,,,
http://dx.doi.org/10.1007/BF03218855,482,False,PVDF,"[{""name"": ""PVDF""}]",True,DMAC-ACETONE,"[{""name"": ""DMAC""}, {""name"": ""ACETONE""}]",19.0,wt%,,,,,,,,,Single Needle,"{""size"": 14.0, ""unit"": ""G""}",Flat,,7.0,kV,0.5,mL/h,10.0,cm,,,21.0,,20.0,%,True,,640.0,nm,,nm,,,,,,,,,,,,,,,,,,
http://dx.doi.org/10.1007/BF03218855,483,False,PVDF,"[{""name"": ""PVDF""}]",True,DMAC-ACETONE,"[{""name"": ""DMAC""}, {""name"": ""ACETONE""}]",19.0,wt%,,,,,,,,,Single Needle,"{""size"": 14.0, ""unit"": ""G""}",Flat,,7.0,kV,0.5,mL/h,10.0,cm,,,21.0,,20.0,%,True,,640.0,nm,,nm,,,,,,,,,,,,,,,,,,
http://dx.doi.org/10.1007/BF03218855,484,False,PVDF,"[{""name"": ""PVDF""}]",True,DMAC-ACETONE,"[{""name"": ""DMAC""}, {""name"": ""ACETONE""}]",19.0,wt%,,,,,,,,,Single Needle,"{""size"": 14.0, ""unit"": ""G""}",Flat,,7.0,kV,0.5,mL/h,10.0,cm,,,21.0,,20.0,%,True,,640.0,nm,,nm,,,,,,,,,,,,,,,,,,
http://dx.doi.org/10.1007/BF03218855,485,False,PVDF,"[{""name"": ""PVDF""}]",True,DMAC-ACETONE,"[{""name"": ""DMAC""}, {""name"": ""ACETONE""}]",19.0,wt%,,,,,,,,,Single Needle,"{""size"": 14.0, ""unit"": ""G""}",Flat,,6.0,kV,0.5,mL/h,7.0,cm,,,21.0,,20.0,%,True,,608.0,nm,,nm,,,,,,,,,,,,,,,,,,
http://dx.doi.org/10.1007/BF03218855,486,False,PVDF,"[{""name"": ""PVDF""}]",True,DMAC-ACETONE,"[{""name"": ""DMAC""}, {""name"": ""ACETONE""}]",19.0,wt%,,,,,,,,,Single Needle,"{""size"": 14.0, ""unit"": ""G""}",Flat,,6.0,kV,0.5,mL/h,7.0,cm,,,21.0,,20.0,%,True,,608.0,nm,,nm,,,,,,,,,,,,,,,,,,
http://dx.doi.org/10.1007/BF03218855,487,False,PVDF,"[{""name"": ""PVDF""}]",True,DMAC-ACETONE,"[{""name"": ""DMAC""}, {""name"": ""ACETONE""}]",19.0,wt%,,,,,,,,,Single Needle,"{""size"": 14.0, ""unit"": ""G""}",Flat,,6.0,kV,0.5,mL/h,7.0,cm,,,21.0,,20.0,%,True,,608.0,nm,,nm,,,,,,,,,,,,,,,,,,
http://dx.doi.org/10.1007/BF03218855,488,False,PVDF,"[{""name"": ""PVDF""}]",True,DMAC-ACETONE,"[{""name"": ""DMAC""}, {""name"": ""ACETONE""}]",19.0,wt%,,,,,,,,,Single Needle,"{""size"": 14.0, ""unit"": ""G""}",Flat,,6.0,kV,0.5,mL/h,7.0,cm,,,21.0,,20.0,%,True,,608.0,nm,,nm,,,,,,,,,,,,,,,,,,
http://dx.doi.org/10.1007/BF03218855,489,False,PVDF,"[{""name"": ""PVDF""}]",True,DMAC-ACETONE,"[{""name"": ""DMAC""}, {""name"": ""ACETONE""}]",19.0,wt%,,,,,,,,,Single Needle,"{""size"": 14.0, ""unit"": ""G""}",Flat,,6.0,kV,0.5,mL/h,7.0,cm,,,21.0,,20.0,%,True,,608.0,nm,,nm,,,,,,,,,,,,,,,,,,
http://dx.doi.org/10.1007/BF03218855,490,False,PVDF,"[{""name"": ""PVDF""}]",True,DMAC-ACETONE,"[{""name"": ""DMAC""}, {""name"": ""ACETONE""}]",19.0,wt%,,,,,,,,,Single Needle,"{""size"": 14.0, ""unit"": ""G""}",Flat,,6.0,kV,0.5,mL/h,7.0,cm,,,21.0,,20.0,%,True,,608.0,nm,,nm,,,,,,,,,,,,,,,,,,
http://dx.doi.org/10.1007/BF03218855,491,False,PVDF,"[{""name"": ""PVDF""}]",True,DMAC-ACETONE,"[{""name"": ""DMAC""}, {""name"": ""ACETONE""}]",19.0,wt%,,,,,,,,,Single Needle,"{""size"": 14.0, ""unit"": ""G""}",Flat,,6.0,kV,0.5,mL/h,7.0,cm,,,21.0,,20.0,%,True,,608.0,nm,,nm,,,,,,,,,,,,,,,,,,
http://dx.doi.org/10.1007/BF03218855,492,False,PVDF,"[{""name"": ""PVDF""}]",True,DMAC-ACETONE,"[{""name"": ""DMAC""}, {""name"": ""ACETONE""}]",19.0,wt%,,,,,,,,,Single Needle,"{""size"": 14.0, ""unit"": ""G""}",Flat,,6.0,kV,0.5,mL/h,7.0,cm,,,21.0,,20.0,%,True,,608.0,nm,,nm,,,,,,,,,,,,,,,,,,
http://dx.doi.org/10.1007/BF03218855,493,False,PVDF,"[{""name"": ""PVDF""}]",True,DMAC-ACETONE,"[{""name"": ""DMAC""}, {""name"": ""ACETONE""}]",19.0,wt%,,,,,,,,,Single Needle,"{""size"": 14.0, ""unit"": ""G""}",Flat,,6.0,kV,0.5,mL/h,7.0,cm,,,21.0,,20.0,%,True,,608.0,nm,,nm,,,,,,,,,,,,,,,,,,
http://dx.doi.org/10.1007/BF03218855,494,False,PVDF,"[{""name"": ""PVDF""}]",True,DMAC-ACETONE,"[{""name"": ""DMAC""}, {""name"": ""ACETONE""}]",19.0,wt%,,,,,,,,,Single Needle,"{""size"": 14.0, ""unit"": ""G""}",Flat,,6.0,kV,0.5,mL/h,7.0,cm,,,21.0,,20.0,%,True,,608.0,nm,,nm,,,,,,,,,,,,,,,,,,
http://dx.doi.org/10.1007/BF03218855,495,False,PVDF,"[{""name"": ""PVDF""}]",True,DMAC-ACETONE,"[{""name"": ""DMAC""}, {""name"": ""ACETONE""}]",19.0,wt%,,,,,,,,,Single Needle,"{""size"": 14.0, ""unit"": ""G""}",Flat,,6.0,kV,0.5,mL/h,7.0,cm,,,21.0,,20.0,%,True,,608.0,nm,,nm,,,,,,,,,,,,,,,,,,
http://dx.doi.org/10.1007/BF03218855,496,False,PVDF,"[{""name"": ""PVDF""}]",True,DMAC-ACETONE,"[{""name"": ""DMAC""}, {""name"": ""ACETONE""}]",19.0,wt%,,,,,,,,,Single Needle,"{""size"": 14.0, ""unit"": ""G""}",Flat,,6.0,kV,0.5,mL/h,7.0,cm,,,21.0,,20.0,%,True,,608.0,nm,,nm,,,,,,,,,,,,,,,,,,
http://dx.doi.org/10.1007/BF03218855,497,False,PVDF,"[{""name"": ""PVDF""}]",True,DMAC-ACETONE,"[{""name"": ""DMAC""}, {""name"": ""ACETONE""}]",19.0,wt%,,,,,,,,,Single Needle,"{""size"": 14.0, ""unit"": ""G""}",Flat,,6.0,kV,0.5,mL/h,15.0,cm,,,21.0,,20.0,%,True,,705.0,nm,,nm,,,,,,,,,,,,,,,,,,
http://dx.doi.org/10.1007/BF03218855,498,False,PVDF,"[{""name"": ""PVDF""}]",True,DMAC-ACETONE,"[{""name"": ""DMAC""}, {""name"": ""ACETONE""}]",19.0,wt%,,,,,,,,,Single Needle,"{""size"": 14.0, ""unit"": ""G""}",Flat,,6.0,kV,0.5,mL/h,15.0,cm,,,21.0,,20.0,%,True,,705.0,nm,,nm,,,,,,,,,,,,,,,,,,
http://dx.doi.org/10.1007/BF03218855,499,False,PVDF,"[{""name"": ""PVDF""}]",True,DMAC-ACETONE,"[{""name"": ""DMAC""}, {""name"": ""ACETONE""}]",19.0,wt%,,,,,,,,,Single Needle,"{""size"": 14.0, ""unit"": ""G""}",Flat,,6.0,kV,0.5,mL/h,15.0,cm,,,21.0,,20.0,%,True,,705.0,nm,,nm,,,,,,,,,,,,,,,,,,
http://dx.doi.org/10.1007/BF03218855,500,False,PVDF,"[{""name"": ""PVDF""}]",True,DMAC-ACETONE,"[{""name"": ""DMAC""}, {""name"": ""ACETONE""}]",19.0,wt%,,,,,,,,,Single Needle,"{""size"": 14.0, ""unit"": ""G""}",Flat,,6.0,kV,0.5,mL/h,15.0,cm,,,21.0,,20.0,%,True,,705.0,nm,,nm,,,,,,,,,,,,,,,,,,
http://dx.doi.org/10.1007/BF03218855,501,False,PVDF,"[{""name"": ""PVDF""}]",True,DMAC-ACETONE,"[{""name"": ""DMAC""}, {""name"": ""ACETONE""}]",19.0,wt%,,,,,,,,,Single Needle,"{""size"": 14.0, ""unit"": ""G""}",Flat,,6.0,kV,0.5,mL/h,15.0,cm,,,21.0,,20.0,%,True,,705.0,nm,,nm,,,,,,,,,,,,,,,,,,
http://dx.doi.org/10.1007/BF03218855,502,False,PVDF,"[{""name"": ""PVDF""}]",True,DMAC-ACETONE,"[{""name"": ""DMAC""}, {""name"": ""ACETONE""}]",19.0,wt%,,,,,,,,,Single Needle,"{""size"": 14.0, ""unit"": ""G""}",Flat,,6.0,kV,0.5,mL/h,15.0,cm,,,21.0,,20.0,%,True,,705.0,nm,,nm,,,,,,,,,,,,,,,,,,
http://dx.doi.org/10.1007/BF03218855,503,False,PVDF,"[{""name"": ""PVDF""}]",True,DMAC-ACETONE,"[{""name"": ""DMAC""}, {""name"": ""ACETONE""}]",19.0,wt%,,,,,,,,,Single Needle,"{""size"": 14.0, ""unit"": ""G""}",Flat,,6.0,kV,0.5,mL/h,15.0,cm,,,21.0,,20.0,%,True,,705.0,nm,,nm,,,,,,,,,,,,,,,,,,
http://dx.doi.org/10.1007/BF03218855,504,False,PVDF,"[{""name"": ""PVDF""}]",True,DMAC-ACETONE,"[{""name"": ""DMAC""}, {""name"": ""ACETONE""}]",19.0,wt%,,,,,,,,,Single Needle,"{""size"": 14.0, ""unit"": ""G""}",Flat,,6.0,kV,0.5,mL/h,15.0,cm,,,21.0,,20.0,%,True,,705.0,nm,,nm,,,,,,,,,,,,,,,,,,
http://dx.doi.org/10.1007/BF03218855,505,False,PVDF,"[{""name"": ""PVDF""}]",True,DMAC-ACETONE,"[{""name"": ""DMAC""}, {""name"": ""ACETONE""}]",19.0,wt%,,,,,,,,,Single Needle,"{""size"": 14.0, ""unit"": ""G""}",Flat,,6.0,kV,0.5,mL/h,15.0,cm,,,21.0,,20.0,%,True,,705.0,nm,,nm,,,,,,,,,,,,,,,,,,
http://dx.doi.org/10.1007/BF03218855,506,False,PVDF,"[{""name"": ""PVDF""}]",True,DMAC-ACETONE,"[{""name"": ""DMAC""}, {""name"": ""ACETONE""}]",19.0,wt%,,,,,,,,,Single Needle,"{""size"": 14.0, ""unit"": ""G""}",Flat,,6.0,kV,0.5,mL/h,15.0,cm,,,21.0,,20.0,%,True,,705.0,nm,,nm,,,,,,,,,,,,,,,,,,
http://dx.doi.org/10.1007/BF03218855,507,False,PVDF,"[{""name"": ""PVDF""}]",True,DMAC-ACETONE,"[{""name"": ""DMAC""}, {""name"": ""ACETONE""}]",19.0,wt%,,,,,,,,,Single Needle,"{""size"": 14.0, ""unit"": ""G""}",Flat,,6.0,kV,0.5,mL/h,15.0,cm,,,21.0,,20.0,%,True,,705.0,nm,,nm,,,,,,,,,,,,,,,,,,
http://dx.doi.org/10.1007/BF03218855,508,False,PVDF,"[{""name"": ""PVDF""}]",True,DMAC-ACETONE,"[{""name"": ""DMAC""}, {""name"": ""ACETONE""}]",19.0,wt%,,,,,,,,,Single Needle,"{""size"": 14.0, ""unit"": ""G""}",Flat,,6.0,kV,0.5,mL/h,15.0,cm,,,21.0,,20.0,%,True,,705.0,nm,,nm,,,,,,,,,,,,,,,,,,
http://dx.doi.org/10.1007/BF03218855,509,False,PVDF,"[{""name"": ""PVDF""}]",True,DMAC-ACETONE,"[{""name"": ""DMAC""}, {""name"": ""ACETONE""}]",19.0,wt%,,,,,,,,,Single Needle,"{""size"": 14.0, ""unit"": ""G""}",Flat,,6.0,kV,1.0,mL/h,10.0,cm,,,21.0,,20.0,%,True,,484.0,nm,,nm,,,,,,,,,,,,,,,,,,
http://dx.doi.org/10.1007/BF03218855,510,False,PVDF,"[{""name"": ""PVDF""}]",True,DMAC-ACETONE,"[{""name"": ""DMAC""}, {""name"": ""ACETONE""}]",19.0,wt%,,,,,,,,,Single Needle,"{""size"": 14.0, ""unit"": ""G""}",Flat,,6.0,kV,1.0,mL/h,10.0,cm,,,21.0,,20.0,%,True,,484.0,nm,,nm,,,,,,,,,,,,,,,,,,
http://dx.doi.org/10.1007/BF03218855,511,False,PVDF,"[{""name"": ""PVDF""}]",True,DMAC-ACETONE,"[{""name"": ""DMAC""}, {""name"": ""ACETONE""}]",19.0,wt%,,,,,,,,,Single Needle,"{""size"": 14.0, ""unit"": ""G""}",Flat,,6.0,kV,1.0,mL/h,10.0,cm,,,21.0,,20.0,%,True,,484.0,nm,,nm,,,,,,,,,,,,,,,,,,
http://dx.doi.org/10.1007/BF03218855,512,False,PVDF,"[{""name"": ""PVDF""}]",True,DMAC-ACETONE,"[{""name"": ""DMAC""}, {""name"": ""ACETONE""}]",19.0,wt%,,,,,,,,,Single Needle,"{""size"": 14.0, ""unit"": ""G""}",Flat,,6.0,kV,1.0,mL/h,10.0,cm,,,21.0,,20.0,%,True,,484.0,nm,,nm,,,,,,,,,,,,,,,,,,
http://dx.doi.org/10.1007/BF03218855,513,False,PVDF,"[{""name"": ""PVDF""}]",True,DMAC-ACETONE,"[{""name"": ""DMAC""}, {""name"": ""ACETONE""}]",19.0,wt%,,,,,,,,,Single Needle,"{""size"": 14.0, ""unit"": ""G""}",Flat,,6.0,kV,1.0,mL/h,10.0,cm,,,21.0,,20.0,%,True,,484.0,nm,,nm,,,,,,,,,,,,,,,,,,
http://dx.doi.org/10.1007/BF03218855,514,False,PVDF,"[{""name"": ""PVDF""}]",True,DMAC-ACETONE,"[{""name"": ""DMAC""}, {""name"": ""ACETONE""}]",19.0,wt%,,,,,,,,,Single Needle,"{""size"": 14.0, ""unit"": ""G""}",Flat,,6.0,kV,1.0,mL/h,10.0,cm,,,21.0,,20.0,%,True,,484.0,nm,,nm,,,,,,,,,,,,,,,,,,
http://dx.doi.org/10.1007/BF03218855,515,False,PVDF,"[{""name"": ""PVDF""}]",True,DMAC-ACETONE,"[{""name"": ""DMAC""}, {""name"": ""ACETONE""}]",19.0,wt%,,,,,,,,,Single Needle,"{""size"": 14.0, ""unit"": ""G""}",Flat,,6.0,kV,1.0,mL/h,10.0,cm,,,21.0,,20.0,%,True,,484.0,nm,,nm,,,,,,,,,,,,,,,,,,
http://dx.doi.org/10.1007/BF03218855,516,False,PVDF,"[{""name"": ""PVDF""}]",True,DMAC-ACETONE,"[{""name"": ""DMAC""}, {""name"": ""ACETONE""}]",19.0,wt%,,,,,,,,,Single Needle,"{""size"": 14.0, ""unit"": ""G""}",Flat,,6.0,kV,1.0,mL/h,10.0,cm,,,21.0,,20.0,%,True,,484.0,nm,,nm,,,,,,,,,,,,,,,,,,
https://doi.org/10.1016/j.polymer.2020.123366,517,False,PVDF,"[{""name"": ""PVDF""}]",True,DMF-ACETONE,"[{""name"": ""DMF""}, {""name"": ""ACETONE""}]",20.0,wt%,,,,,,,,,Single Needle,"{""size"": 14.0, ""unit"": ""G""}",Rolling Drum,"{""rotationSpeed"": 1500.0, ""rotationSpeedUnit"": ""rpm""}",18.0,kV,2.0,mL/h,15.0,cm,,,21.0,,20.0,%,True,,305.0,nm,,nm,,,,,,,,,,,,,,,,,,
https://doi.org/10.1016/j.polymer.2020.123366,518,False,PVDF,"[{""name"": ""PVDF""}]",True,DMF-ACETONE,"[{""name"": ""DMF""}, {""name"": ""ACETONE""}]",20.0,wt%,,,,,,,,,Single Needle,"{""size"": 14.0, ""unit"": ""G""}",Rolling Drum,"{""rotationSpeed"": 1500.0, ""rotationSpeedUnit"": ""rpm""}",18.0,kV,2.0,mL/h,15.0,cm,,,21.0,,20.0,%,True,,305.0,nm,,nm,,,,,,,,,,,,,,,,,,
https://doi.org/10.1016/j.polymer.2020.123366,519,False,PVDF,"[{""name"": ""PVDF""}]",True,DMF-ACETONE,"[{""name"": ""DMF""}, {""name"": ""ACETONE""}]",20.0,wt%,,,,,,,,,Single Needle,"{""size"": 14.0, ""unit"": ""G""}",Rolling Drum,"{""rotationSpeed"": 1500.0, ""rotationSpeedUnit"": ""rpm""}",18.0,kV,2.0,mL/h,15.0,cm,,,21.0,,20.0,%,True,,305.0,nm,,nm,,,,,,,,,,,,,,,,,,
https://doi.org/10.1016/j.polymer.2020.123366,520,False,PVDF,"[{""name"": ""PVDF""}]",True,DMF-ACETONE,"[{""name"": ""DMF""}, {""name"": ""ACETONE""}]",20.0,wt%,,,,,,,,,Single Needle,"{""size"": 14.0, ""unit"": ""G""}",Rolling Drum,"{""rotationSpeed"": 1500.0, ""rotationSpeedUnit"": ""rpm""}",18.0,kV,2.0,mL/h,15.0,cm,,,21.0,,20.0,%,True,,305.0,nm,,nm,,,,,,,,,,,,,,,,,,
https://doi.org/10.1016/j.polymer.2020.123366,521,False,PVDF,"[{""name"": ""PVDF""}]",True,DMF-ACETONE,"[{""name"": ""DMF""}, {""name"": ""ACETONE""}]",20.0,wt%,,,,,,,,,Single Needle,"{""size"": 14.0, ""unit"": ""G""}",Rolling Drum,"{""rotationSpeed"": 1500.0, ""rotationSpeedUnit"": ""rpm""}",18.0,kV,2.0,mL/h,15.0,cm,,,21.0,,20.0,%,True,,305.0,nm,,nm,,,,,,,,,,,,,,,,,,
https://doi.org/10.1016/j.polymer.2020.123366,522,False,PVDF,"[{""name"": ""PVDF""}]",True,DMF-ACETONE,"[{""name"": ""DMF""}, {""name"": ""ACETONE""}]",20.0,wt%,,,,,,,,,Single Needle,"{""size"": 14.0, ""unit"": ""G""}",Rolling Drum,"{""rotationSpeed"": 1500.0, ""rotationSpeedUnit"": ""rpm""}",18.0,kV,2.0,mL/h,15.0,cm,,,21.0,,20.0,%,True,,305.0,nm,,nm,,,,,,,,,,,,,,,,,,
https://doi.org/10.1016/j.polymer.2020.123366,523,False,PVDF,"[{""name"": ""PVDF""}]",True,DMF-ACETONE,"[{""name"": ""DMF""}, {""name"": ""ACETONE""}]",20.0,wt%,,,,,,,,,Single Needle,"{""size"": 14.0, ""unit"": ""G""}",Rolling Drum,"{""rotationSpeed"": 1500.0, ""rotationSpeedUnit"": ""rpm""}",18.0,kV,2.0,mL/h,15.0,cm,,,21.0,,20.0,%,True,,305.0,nm,,nm,,,,,,,,,,,,,,,,,,
https://doi.org/10.1016/j.polymer.2020.123366,524,False,PVDF,"[{""name"": ""PVDF""}]",True,DMF-ACETONE,"[{""name"": ""DMF""}, {""name"": ""ACETONE""}]",20.0,wt%,,,,,,,,,Single Needle,"{""size"": 14.0, ""unit"": ""G""}",Rolling Drum,"{""rotationSpeed"": 1500.0, ""rotationSpeedUnit"": ""rpm""}",18.0,kV,2.0,mL/h,15.0,cm,,,21.0,,20.0,%,True,,305.0,nm,,nm,,,,,,,,,,,,,,,,,,
https://doi.org/10.1016/j.polymer.2020.123366,525,False,PVDF,"[{""name"": ""PVDF""}]",True,DMF-ACETONE,"[{""name"": ""DMF""}, {""name"": ""ACETONE""}]",20.0,wt%,,,,,,,,,Single Needle,"{""size"": 14.0, ""unit"": ""G""}",Rolling Drum,"{""rotationSpeed"": 1500.0, ""rotationSpeedUnit"": ""rpm""}",18.0,kV,2.0,mL/h,15.0,cm,,,21.0,,20.0,%,True,,305.0,nm,,nm,,,,,,,,,,,,,,,,,,
https://doi.org/10.1016/j.polymer.2020.123366,526,False,PVDF,"[{""name"": ""PVDF""}]",True,DMF-ACETONE,"[{""name"": ""DMF""}, {""name"": ""ACETONE""}]",20.0,wt%,,,,,,,,,Single Needle,"{""size"": 14.0, ""unit"": ""G""}",Rolling Drum,"{""rotationSpeed"": 1500.0, ""rotationSpeedUnit"": ""rpm""}",18.0,kV,2.0,mL/h,15.0,cm,,,21.0,,20.0,%,True,,305.0,nm,,nm,,,,,,,,,,,,,,,,,,
https://doi.org/10.1016/j.polymer.2020.123366,527,False,PVDF,"[{""name"": ""PVDF""}]",True,DMF-ACETONE,"[{""name"": ""DMF""}, {""name"": ""ACETONE""}]",20.0,wt%,,,,,,,,,Single Needle,"{""size"": 14.0, ""unit"": ""G""}",Rolling Drum,"{""rotationSpeed"": 1500.0, ""rotationSpeedUnit"": ""rpm""}",18.0,kV,2.0,mL/h,15.0,cm,,,21.0,,20.0,%,True,,305.0,nm,,nm,,,,,,,,,,,,,,,,,,
https://doi.org/10.1016/j.polymer.2020.123366,528,False,PVDF,"[{""name"": ""PVDF""}]",True,DMF-ACETONE,"[{""name"": ""DMF""}, {""name"": ""ACETONE""}]",20.0,wt%,,,,,,,,,Single Needle,"{""size"": 14.0, ""unit"": ""G""}",Rolling Drum,"{""rotationSpeed"": 1500.0, ""rotationSpeedUnit"": ""rpm""}",18.0,kV,2.0,mL/h,15.0,cm,,,21.0,,20.0,%,True,,305.0,nm,,nm,,,,,,,,,,,,,,,,,,
https://doi.org/10.1016/j.polymer.2020.123366,529,False,PVDF,"[{""name"": ""PVDF""}]",True,DMF-ACETONE,"[{""name"": ""DMF""}, {""name"": ""ACETONE""}]",20.0,wt%,,,,,,,,,Single Needle,"{""size"": 14.0, ""unit"": ""G""}",Rolling Drum,"{""rotationSpeed"": 1500.0, ""rotationSpeedUnit"": ""rpm""}",18.0,kV,2.0,mL/h,15.0,cm,,,21.0,,20.0,%,True,,305.0,nm,,nm,,,,,,,,,,,,,,,,,,
https://doi.org/10.1177/00219983221144696,530,False,PVDF,"[{""name"": ""PVDF""}]",True,DMF-ACETONE,"[{""name"": ""DMF""}, {""name"": ""ACETONE""}]",10.0,wt%,,,,,,,,,Single Needle,"{""size"": 13.0, ""unit"": ""G""}",Flat,,14.0,kV,0.8,mL/h,15.0,cm,,,20.0,,50.0,%,True,,98.8,nm,,nm,,,,,,,,,,,,,,,,,,
https://doi.org/10.1177/00219983221144696,531,False,PVDF,"[{""name"": ""PVDF""}]",True,DMF-ACETONE,"[{""name"": ""DMF""}, {""name"": ""ACETONE""}]",10.0,wt%,,,,,,,,,Single Needle,"{""size"": 13.0, ""unit"": ""G""}",Flat,,14.0,kV,0.8,mL/h,15.0,cm,,,20.0,,50.0,%,True,,98.8,nm,,nm,,,,,,,,,,,,,,,,,,
https://doi.org/10.1177/00219983221144696,532,False,PVDF,"[{""name"": ""PVDF""}]",True,DMF-ACETONE,"[{""name"": ""DMF""}, {""name"": ""ACETONE""}]",10.0,wt%,,,,,,,,,Single Needle,"{""size"": 13.0, ""unit"": ""G""}",Flat,,14.0,kV,0.8,mL/h,15.0,cm,,,20.0,,50.0,%,True,,98.8,nm,,nm,,,,,,,,,,,,,,,,,,
https://doi.org/10.1177/00219983221144696,533,False,PVDF,"[{""name"": ""PVDF""}]",True,DMF-ACETONE,"[{""name"": ""DMF""}, {""name"": ""ACETONE""}]",10.0,wt%,,,,,,,,,Single Needle,"{""size"": 13.0, ""unit"": ""G""}",Flat,,14.0,kV,0.8,mL/h,15.0,cm,,,20.0,,50.0,%,True,,98.8,nm,,nm,,,,,,,,,,,,,,,,,,
https://doi.org/10.1177/00219983221144696,534,False,PVDF,"[{""name"": ""PVDF""}]",True,DMF-ACETONE,"[{""name"": ""DMF""}, {""name"": ""ACETONE""}]",10.0,wt%,,,,,,,,,Single Needle,"{""size"": 13.0, ""unit"": ""G""}",Flat,,14.0,kV,0.8,mL/h,15.0,cm,,,20.0,,50.0,%,True,,98.8,nm,,nm,,,,,,,,,,,,,,,,,,
https://doi.org/10.1177/00219983221144696,535,False,PVDF,"[{""name"": ""PVDF""}]",True,DMF-ACETONE,"[{""name"": ""DMF""}, {""name"": ""ACETONE""}]",10.0,wt%,,,,,,,,,Single Needle,"{""size"": 13.0, ""unit"": ""G""}",Flat,,14.0,kV,0.8,mL/h,15.0,cm,,,20.0,,50.0,%,True,,98.8,nm,,nm,,,,,,,,,,,,,,,,,,
https://doi.org/10.1177/00219983221144696,536,False,PVDF,"[{""name"": ""PVDF""}]",True,DMF-ACETONE,"[{""name"": ""DMF""}, {""name"": ""ACETONE""}]",10.0,wt%,,,,,,,,,Single Needle,"{""size"": 13.0, ""unit"": ""G""}",Flat,,14.0,kV,0.8,mL/h,15.0,cm,,,20.0,,50.0,%,True,,98.8,nm,,nm,,,,,,,,,,,,,,,,,,
https://doi.org/10.1177/00219983221144696,537,False,PVDF,"[{""name"": ""PVDF""}]",True,DMF-ACETONE,"[{""name"": ""DMF""}, {""name"": ""ACETONE""}]",10.0,wt%,,,,,,,,,Single Needle,"{""size"": 13.0, ""unit"": ""G""}",Flat,,14.0,kV,0.8,mL/h,15.0,cm,,,20.0,,50.0,%,True,,98.8,nm,,nm,,,,,,,,,,,,,,,,,,
https://doi.org/10.1177/00219983221144696,538,False,PVDF,"[{""name"": ""PVDF""}]",True,DMF-ACETONE,"[{""name"": ""DMF""}, {""name"": ""ACETONE""}]",10.0,wt%,,,,,,,,,Single Needle,"{""size"": 13.0, ""unit"": ""G""}",Flat,,14.0,kV,0.8,mL/h,15.0,cm,,,20.0,,50.0,%,True,,98.8,nm,,nm,,,,,,,,,,,,,,,,,,
https://doi.org/10.1177/00219983221144696,539,False,PVDF,"[{""name"": ""PVDF""}]",True,DMF-ACETONE,"[{""name"": ""DMF""}, {""name"": ""ACETONE""}]",10.0,wt%,,,,,,,,,Single Needle,"{""size"": 13.0, ""unit"": ""G""}",Flat,,14.0,kV,0.8,mL/h,15.0,cm,,,20.0,,50.0,%,True,,98.8,nm,,nm,,,,,,,,,,,,,,,,,,
https://doi.org/10.1177/00219983221144696,540,False,PVDF,"[{""name"": ""PVDF""}]",True,DMF-ACETONE,"[{""name"": ""DMF""}, {""name"": ""ACETONE""}]",10.0,wt%,,,,,,,,,Single Needle,"{""size"": 13.0, ""unit"": ""G""}",Flat,,14.0,kV,0.8,mL/h,15.0,cm,,,20.0,,50.0,%,True,,98.8,nm,,nm,,,,,,,,,,,,,,,,,,
https://doi.org/10.1177/00219983221144696,541,False,PVDF,"[{""name"": ""PVDF""}]",True,DMF-ACETONE,"[{""name"": ""DMF""}, {""name"": ""ACETONE""}]",15.0,wt%,,,,,,,,,Single Needle,"{""size"": 13.0, ""unit"": ""G""}",Flat,,14.0,kV,0.8,mL/h,15.0,cm,,,20.0,,50.0,%,True,,96.5,nm,,nm,,,,,,,,,,,,,,,,,,
https://doi.org/10.1177/00219983221144696,542,False,PVDF,"[{""name"": ""PVDF""}]",True,DMF-ACETONE,"[{""name"": ""DMF""}, {""name"": ""ACETONE""}]",15.0,wt%,,,,,,,,,Single Needle,"{""size"": 13.0, ""unit"": ""G""}",Flat,,14.0,kV,0.8,mL/h,15.0,cm,,,20.0,,50.0,%,True,,96.5,nm,,nm,,,,,,,,,,,,,,,,,,
https://doi.org/10.1177/00219983221144696,543,False,PVDF,"[{""name"": ""PVDF""}]",True,DMF-ACETONE,"[{""name"": ""DMF""}, {""name"": ""ACETONE""}]",15.0,wt%,,,,,,,,,Single Needle,"{""size"": 13.0, ""unit"": ""G""}",Flat,,14.0,kV,0.8,mL/h,15.0,cm,,,20.0,,50.0,%,True,,96.5,nm,,nm,,,,,,,,,,,,,,,,,,
https://doi.org/10.1177/00219983221144696,544,False,PVDF,"[{""name"": ""PVDF""}]",True,DMF-ACETONE,"[{""name"": ""DMF""}, {""name"": ""ACETONE""}]",15.0,wt%,,,,,,,,,Single Needle,"{""size"": 13.0, ""unit"": ""G""}",Flat,,14.0,kV,0.8,mL/h,15.0,cm,,,20.0,,50.0,%,True,,96.5,nm,,nm,,,,,,,,,,,,,,,,,,
https://doi.org/10.1177/00219983221144696,545,False,PVDF,"[{""name"": ""PVDF""}]",True,DMF-ACETONE,"[{""name"": ""DMF""}, {""name"": ""ACETONE""}]",15.0,wt%,,,,,,,,,Single Needle,"{""size"": 13.0, ""unit"": ""G""}",Flat,,14.0,kV,0.8,mL/h,15.0,cm,,,20.0,,50.0,%,True,,96.5,nm,,nm,,,,,,,,,,,,,,,,,,
https://doi.org/10.1177/00219983221144696,546,False,PVDF,"[{""name"": ""PVDF""}]",True,DMF-ACETONE,"[{""name"": ""DMF""}, {""name"": ""ACETONE""}]",15.0,wt%,,,,,,,,,Single Needle,"{""size"": 13.0, ""unit"": ""G""}",Flat,,14.0,kV,0.8,mL/h,15.0,cm,,,20.0,,50.0,%,True,,96.5,nm,,nm,,,,,,,,,,,,,,,,,,
https://doi.org/10.1177/00219983221144696,547,False,PVDF,"[{""name"": ""PVDF""}]",True,DMF-ACETONE,"[{""name"": ""DMF""}, {""name"": ""ACETONE""}]",15.0,wt%,,,,,,,,,Single Needle,"{""size"": 13.0, ""unit"": ""G""}",Flat,,14.0,kV,0.8,mL/h,15.0,cm,,,20.0,,50.0,%,True,,96.5,nm,,nm,,,,,,,,,,,,,,,,,,
https://doi.org/10.1177/00219983221144696,548,False,PVDF,"[{""name"": ""PVDF""}]",True,DMF-ACETONE,"[{""name"": ""DMF""}, {""name"": ""ACETONE""}]",15.0,wt%,,,,,,,,,Single Needle,"{""size"": 13.0, ""unit"": ""G""}",Flat,,14.0,kV,0.8,mL/h,15.0,cm,,,20.0,,50.0,%,True,,96.5,nm,,nm,,,,,,,,,,,,,,,,,,
https://doi.org/10.1177/00219983221144696,549,False,PVDF,"[{""name"": ""PVDF""}]",True,DMF-ACETONE,"[{""name"": ""DMF""}, {""name"": ""ACETONE""}]",15.0,wt%,,,,,,,,,Single Needle,"{""size"": 13.0, ""unit"": ""G""}",Flat,,14.0,kV,0.8,mL/h,15.0,cm,,,20.0,,50.0,%,True,,252.9,nm,,nm,,,,,,,,,,,,,,,,,,
https://doi.org/10.1177/00219983221144696,550,False,PVDF,"[{""name"": ""PVDF""}]",True,DMF-ACETONE,"[{""name"": ""DMF""}, {""name"": ""ACETONE""}]",15.0,wt%,,,,,,,,,Single Needle,"{""size"": 13.0, ""unit"": ""G""}",Flat,,14.0,kV,0.8,mL/h,15.0,cm,,,20.0,,50.0,%,True,,252.9,nm,,nm,,,,,,,,,,,,,,,,,,
https://doi.org/10.1177/00219983221144696,551,False,PVDF,"[{""name"": ""PVDF""}]",True,DMF-ACETONE,"[{""name"": ""DMF""}, {""name"": ""ACETONE""}]",15.0,wt%,,,,,,,,,Single Needle,"{""size"": 13.0, ""unit"": ""G""}",Flat,,14.0,kV,0.8,mL/h,15.0,cm,,,20.0,,50.0,%,True,,252.9,nm,,nm,,,,,,,,,,,,,,,,,,
https://doi.org/10.1177/00219983221144696,552,False,PVDF,"[{""name"": ""PVDF""}]",True,DMF-ACETONE,"[{""name"": ""DMF""}, {""name"": ""ACETONE""}]",15.0,wt%,,,,,,,,,Single Needle,"{""size"": 13.0, ""unit"": ""G""}",Flat,,14.0,kV,0.8,mL/h,15.0,cm,,,20.0,,50.0,%,True,,252.9,nm,,nm,,,,,,,,,,,,,,,,,,
https://doi.org/10.1177/00219983221144696,553,False,PVDF,"[{""name"": ""PVDF""}]",True,DMF-ACETONE,"[{""name"": ""DMF""}, {""name"": ""ACETONE""}]",15.0,wt%,,,,,,,,,Single Needle,"{""size"": 13.0, ""unit"": ""G""}",Flat,,14.0,kV,0.8,mL/h,15.0,cm,,,20.0,,50.0,%,True,,252.9,nm,,nm,,,,,,,,,,,,,,,,,,
https://doi.org/10.1177/00219983221144696,554,False,PVDF,"[{""name"": ""PVDF""}]",True,DMF-ACETONE,"[{""name"": ""DMF""}, {""name"": ""ACETONE""}]",15.0,wt%,,,,,,,,,Single Needle,"{""size"": 13.0, ""unit"": ""G""}",Flat,,14.0,kV,0.8,mL/h,15.0,cm,,,20.0,,50.0,%,True,,252.9,nm,,nm,,,,,,,,,,,,,,,,,,
https://doi.org/10.1177/00219983221144696,555,False,PVDF,"[{""name"": ""PVDF""}]",True,DMF-ACETONE,"[{""name"": ""DMF""}, {""name"": ""ACETONE""}]",15.0,wt%,,,,,,,,,Single Needle,"{""size"": 13.0, ""unit"": ""G""}",Flat,,14.0,kV,0.8,mL/h,15.0,cm,,,20.0,,50.0,%,True,,252.9,nm,,nm,,,,,,,,,,,,,,,,,,
https://doi.org/10.1177/00219983221144696,556,False,PVDF,"[{""name"": ""PVDF""}]",True,DMF-ACETONE,"[{""name"": ""DMF""}, {""name"": ""ACETONE""}]",15.0,wt%,,,,,,,,,Single Needle,"{""size"": 13.0, ""unit"": ""G""}",Flat,,14.0,kV,0.8,mL/h,15.0,cm,,,20.0,,50.0,%,True,,252.9,nm,,nm,,,,,,,,,,,,,,,,,,
https://doi.org/10.1177/00219983221144696,557,False,PVDF,"[{""name"": ""PVDF""}]",True,DMF-ACETONE,"[{""name"": ""DMF""}, {""name"": ""ACETONE""}]",15.0,wt%,,,,,,,,,Single Needle,"{""size"": 13.0, ""unit"": ""G""}",Flat,,14.0,kV,0.8,mL/h,15.0,cm,,,20.0,,50.0,%,True,,504.0,nm,,nm,,,,,,,,,,,,,,,,,,
https://doi.org/10.1177/00219983221144696,558,False,PVDF,"[{""name"": ""PVDF""}]",True,DMF-ACETONE,"[{""name"": ""DMF""}, {""name"": ""ACETONE""}]",15.0,wt%,,,,,,,,,Single Needle,"{""size"": 13.0, ""unit"": ""G""}",Flat,,14.0,kV,0.8,mL/h,15.0,cm,,,20.0,,50.0,%,True,,504.0,nm,,nm,,,,,,,,,,,,,,,,,,
https://doi.org/10.1177/00219983221144696,559,False,PVDF,"[{""name"": ""PVDF""}]",True,DMF-ACETONE,"[{""name"": ""DMF""}, {""name"": ""ACETONE""}]",15.0,wt%,,,,,,,,,Single Needle,"{""size"": 13.0, ""unit"": ""G""}",Flat,,14.0,kV,0.8,mL/h,15.0,cm,,,20.0,,50.0,%,True,,504.0,nm,,nm,,,,,,,,,,,,,,,,,,
https://doi.org/10.1177/00219983221144696,560,False,PVDF,"[{""name"": ""PVDF""}]",True,DMF-ACETONE,"[{""name"": ""DMF""}, {""name"": ""ACETONE""}]",15.0,wt%,,,,,,,,,Single Needle,"{""size"": 13.0, ""unit"": ""G""}",Flat,,14.0,kV,0.8,mL/h,15.0,cm,,,20.0,,50.0,%,True,,504.0,nm,,nm,,,,,,,,,,,,,,,,,,
https://doi.org/10.1177/00219983221144696,561,False,PVDF,"[{""name"": ""PVDF""}]",True,DMF-ACETONE,"[{""name"": ""DMF""}, {""name"": ""ACETONE""}]",15.0,wt%,,,,,,,,,Single Needle,"{""size"": 13.0, ""unit"": ""G""}",Flat,,14.0,kV,0.8,mL/h,15.0,cm,,,20.0,,50.0,%,True,,504.0,nm,,nm,,,,,,,,,,,,,,,,,,
https://doi.org/10.1177/00219983221144696,562,False,PVDF,"[{""name"": ""PVDF""}]",True,DMF-ACETONE,"[{""name"": ""DMF""}, {""name"": ""ACETONE""}]",15.0,wt%,,,,,,,,,Single Needle,"{""size"": 13.0, ""unit"": ""G""}",Flat,,14.0,kV,0.8,mL/h,15.0,cm,,,20.0,,50.0,%,True,,504.0,nm,,nm,,,,,,,,,,,,,,,,,,
https://doi.org/10.1177/00219983221144696,563,False,PVDF,"[{""name"": ""PVDF""}]",True,DMF-ACETONE,"[{""name"": ""DMF""}, {""name"": ""ACETONE""}]",15.0,wt%,,,,,,,,,Single Needle,"{""size"": 13.0, ""unit"": ""G""}",Flat,,14.0,kV,0.8,mL/h,15.0,cm,,,20.0,,50.0,%,True,,504.0,nm,,nm,,,,,,,,,,,,,,,,,,
https://doi.org/10.1177/00219983221144696,564,False,PVDF,"[{""name"": ""PVDF""}]",True,DMF-ACETONE,"[{""name"": ""DMF""}, {""name"": ""ACETONE""}]",15.0,wt%,,,,,,,,,Single Needle,"{""size"": 13.0, ""unit"": ""G""}",Flat,,14.0,kV,0.8,mL/h,15.0,cm,,,20.0,,50.0,%,True,,504.0,nm,,nm,,,,,,,,,,,,,,,,,,
https://doi.org/10.1177/00219983221144696,565,False,PVDF,"[{""name"": ""PVDF""}]",True,DMF-ACETONE,"[{""name"": ""DMF""}, {""name"": ""ACETONE""}]",15.0,wt%,,,,,,,,,Single Needle,"{""size"": 13.0, ""unit"": ""G""}",Flat,,14.0,kV,0.8,mL/h,15.0,cm,,,20.0,,50.0,%,True,,504.0,nm,,nm,,,,,,,,,,,,,,,,,,
https://doi.org/10.1177/00219983221144696,566,False,PVDF,"[{""name"": ""PVDF""}]",True,DMF-ACETONE,"[{""name"": ""DMF""}, {""name"": ""ACETONE""}]",20.0,wt%,,,,,,,,,Single Needle,"{""size"": 13.0, ""unit"": ""G""}",Flat,,14.0,kV,0.8,mL/h,15.0,cm,,,20.0,,50.0,%,True,,888.1,nm,,nm,,,,,,,,,,,,,,,,,,
https://doi.org/10.1177/00219983221144696,567,False,PVDF,"[{""name"": ""PVDF""}]",True,DMF-ACETONE,"[{""name"": ""DMF""}, {""name"": ""ACETONE""}]",20.0,wt%,,,,,,,,,Single Needle,"{""size"": 13.0, ""unit"": ""G""}",Flat,,14.0,kV,0.8,mL/h,15.0,cm,,,20.0,,50.0,%,True,,888.1,nm,,nm,,,,,,,,,,,,,,,,,,
https://doi.org/10.1177/00219983221144696,568,False,PVDF,"[{""name"": ""PVDF""}]",True,DMF-ACETONE,"[{""name"": ""DMF""}, {""name"": ""ACETONE""}]",20.0,wt%,,,,,,,,,Single Needle,"{""size"": 13.0, ""unit"": ""G""}",Flat,,14.0,kV,0.8,mL/h,15.0,cm,,,20.0,,50.0,%,True,,888.1,nm,,nm,,,,,,,,,,,,,,,,,,
https://doi.org/10.1177/00219983221144696,569,False,PVDF,"[{""name"": ""PVDF""}]",True,DMF-ACETONE,"[{""name"": ""DMF""}, {""name"": ""ACETONE""}]",20.0,wt%,,,,,,,,,Single Needle,"{""size"": 13.0, ""unit"": ""G""}",Flat,,14.0,kV,0.8,mL/h,15.0,cm,,,20.0,,50.0,%,True,,888.1,nm,,nm,,,,,,,,,,,,,,,,,,
https://doi.org/10.1177/00219983221144696,570,False,PVDF,"[{""name"": ""PVDF""}]",True,DMF-ACETONE,"[{""name"": ""DMF""}, {""name"": ""ACETONE""}]",20.0,wt%,,,,,,,,,Single Needle,"{""size"": 13.0, ""unit"": ""G""}",Flat,,14.0,kV,0.8,mL/h,15.0,cm,,,20.0,,50.0,%,True,,888.1,nm,,nm,,,,,,,,,,,,,,,,,,
https://doi.org/10.1177/00219983221144696,571,False,PVDF,"[{""name"": ""PVDF""}]",True,DMF-ACETONE,"[{""name"": ""DMF""}, {""name"": ""ACETONE""}]",20.0,wt%,,,,,,,,,Single Needle,"{""size"": 13.0, ""unit"": ""G""}",Flat,,14.0,kV,0.8,mL/h,15.0,cm,,,20.0,,50.0,%,True,,888.1,nm,,nm,,,,,,,,,,,,,,,,,,
https://doi.org/10.1177/00219983221144696,572,False,PVDF,"[{""name"": ""PVDF""}]",True,DMF-ACETONE,"[{""name"": ""DMF""}, {""name"": ""ACETONE""}]",20.0,wt%,,,,,,,,,Single Needle,"{""size"": 13.0, ""unit"": ""G""}",Flat,,14.0,kV,0.8,mL/h,15.0,cm,,,20.0,,50.0,%,True,,888.1,nm,,nm,,,,,,,,,,,,,,,,,,
https://doi.org/10.1177/00219983221144696,573,False,PVDF,"[{""name"": ""PVDF""}]",True,DMF-ACETONE,"[{""name"": ""DMF""}, {""name"": ""ACETONE""}]",20.0,wt%,,,,,,,,,Single Needle,"{""size"": 13.0, ""unit"": ""G""}",Flat,,14.0,kV,0.8,mL/h,15.0,cm,,,20.0,,50.0,%,True,,888.1,nm,,nm,,,,,,,,,,,,,,,,,,
https://doi.org/10.1016/j.mtsust.2022.100275,574,False,PVDF,"[{""name"": ""PVDF""}]",True,DMF-ACETONE,"[{""name"": ""DMF""}, {""name"": ""ACETONE""}]",20.0,wt%,,,,,,,,,Single Needle,"{""size"": 13.0, ""unit"": ""G""}",Rolling Drum,"{""rotationSpeed"": 100.0, ""rotationSpeedUnit"": ""rpm""}",15.0,kV,1.0,mL/h,15.0,cm,,,,,45.0,%,True,,338.0,nm,,nm,,,,,,,,,,,,,,,,,,
https://doi.org/10.1016/j.mtsust.2022.100275,575,False,PVDF,"[{""name"": ""PVDF""}]",True,DMF-ACETONE,"[{""name"": ""DMF""}, {""name"": ""ACETONE""}]",20.0,wt%,,,,,,,,,Single Needle,"{""size"": 13.0, ""unit"": ""G""}",Rolling Drum,"{""rotationSpeed"": 100.0, ""rotationSpeedUnit"": ""rpm""}",15.0,kV,1.0,mL/h,15.0,cm,,,,,45.0,%,True,,338.0,nm,,nm,,,,,,,,,,,,,,,,,,
https://doi.org/10.1016/j.mtsust.2022.100275,576,False,PVDF,"[{""name"": ""PVDF""}]",True,DMF-ACETONE,"[{""name"": ""DMF""}, {""name"": ""ACETONE""}]",20.0,wt%,,,,,,,,,Single Needle,"{""size"": 13.0, ""unit"": ""G""}",Rolling Drum,"{""rotationSpeed"": 100.0, ""rotationSpeedUnit"": ""rpm""}",15.0,kV,1.0,mL/h,15.0,cm,,,,,45.0,%,True,,338.0,nm,,nm,,,,,,,,,,,,,,,,,,
https://doi.org/10.1016/j.mtsust.2022.100275,577,False,PVDF,"[{""name"": ""PVDF""}]",True,DMF-ACETONE,"[{""name"": ""DMF""}, {""name"": ""ACETONE""}]",20.0,wt%,,,,,,,,,Single Needle,"{""size"": 13.0, ""unit"": ""G""}",Rolling Drum,"{""rotationSpeed"": 100.0, ""rotationSpeedUnit"": ""rpm""}",15.0,kV,1.0,mL/h,15.0,cm,,,,,45.0,%,True,,338.0,nm,,nm,,,,,,,,,,,,,,,,,,
https://doi.org/10.1016/j.mtsust.2022.100275,578,False,PVDF,"[{""name"": ""PVDF""}]",True,DMF-ACETONE,"[{""name"": ""DMF""}, {""name"": ""ACETONE""}]",20.0,wt%,,,,,,,,,Single Needle,"{""size"": 13.0, ""unit"": ""G""}",Rolling Drum,"{""rotationSpeed"": 100.0, ""rotationSpeedUnit"": ""rpm""}",15.0,kV,1.0,mL/h,15.0,cm,,,,,45.0,%,True,,338.0,nm,,nm,,,,,,,,,,,,,,,,,,
https://doi.org/10.1016/j.mtsust.2022.100275,579,False,PVDF,"[{""name"": ""PVDF""}]",True,DMF-ACETONE,"[{""name"": ""DMF""}, {""name"": ""ACETONE""}]",20.0,wt%,,,,,,,,,Single Needle,"{""size"": 13.0, ""unit"": ""G""}",Rolling Drum,"{""rotationSpeed"": 100.0, ""rotationSpeedUnit"": ""rpm""}",15.0,kV,1.0,mL/h,15.0,cm,,,,,45.0,%,True,,338.0,nm,,nm,,,,,,,,,,,,,,,,,,
https://doi.org/10.1016/j.mtsust.2022.100275,580,False,PVDF,"[{""name"": ""PVDF""}]",True,DMF-ACETONE,"[{""name"": ""DMF""}, {""name"": ""ACETONE""}]",20.0,wt%,,,,,,,,,Single Needle,"{""size"": 13.0, ""unit"": ""G""}",Rolling Drum,"{""rotationSpeed"": 100.0, ""rotationSpeedUnit"": ""rpm""}",15.0,kV,1.0,mL/h,15.0,cm,,,,,45.0,%,True,,338.0,nm,,nm,,,,,,,,,,,,,,,,,,
https://doi.org/10.1016/j.mtsust.2022.100275,581,False,PVDF,"[{""name"": ""PVDF""}]",True,DMF-ACETONE,"[{""name"": ""DMF""}, {""name"": ""ACETONE""}]",20.0,wt%,,,,,,,,,Single Needle,"{""size"": 13.0, ""unit"": ""G""}",Rolling Drum,"{""rotationSpeed"": 100.0, ""rotationSpeedUnit"": ""rpm""}",15.0,kV,1.0,mL/h,15.0,cm,,,,,45.0,%,True,,338.0,nm,,nm,,,,,,,,,,,,,,,,,,
https://doi.org/10.1016/j.mtsust.2022.100275,582,False,PVDF,"[{""name"": ""PVDF""}]",True,DMF-ACETONE,"[{""name"": ""DMF""}, {""name"": ""ACETONE""}]",20.0,wt%,,,,,,,,,Single Needle,"{""size"": 13.0, ""unit"": ""G""}",Rolling Drum,"{""rotationSpeed"": 100.0, ""rotationSpeedUnit"": ""rpm""}",15.0,kV,1.0,mL/h,15.0,cm,,,,,45.0,%,True,,338.0,nm,,nm,,,,,,,,,,,,,,,,,,
https://doi.org/10.1016/j.mtsust.2022.100275,583,False,PVDF,"[{""name"": ""PVDF""}]",True,DMF-ACETONE,"[{""name"": ""DMF""}, {""name"": ""ACETONE""}]",20.0,wt%,,,,,,,,,Single Needle,"{""size"": 13.0, ""unit"": ""G""}",Rolling Drum,"{""rotationSpeed"": 100.0, ""rotationSpeedUnit"": ""rpm""}",15.0,kV,1.0,mL/h,15.0,cm,,,,,45.0,%,True,,338.0,nm,,nm,,,,,,,,,,,,,,,,,,
https://doi.org/10.1016/j.mtsust.2022.100275,584,False,PVDF,"[{""name"": ""PVDF""}]",True,DMF-ACETONE,"[{""name"": ""DMF""}, {""name"": ""ACETONE""}]",20.0,wt%,,,,,,,,,Single Needle,"{""size"": 13.0, ""unit"": ""G""}",Rolling Drum,"{""rotationSpeed"": 100.0, ""rotationSpeedUnit"": ""rpm""}",15.0,kV,1.0,mL/h,15.0,cm,,,,,45.0,%,True,,338.0,nm,,nm,,,,,,,,,,,,,,,,,,
https://doi.org/10.1016/j.mtsust.2022.100275,585,False,PVDF,"[{""name"": ""PVDF""}]",True,DMF-ACETONE,"[{""name"": ""DMF""}, {""name"": ""ACETONE""}]",20.0,wt%,,,,,,,,,Single Needle,"{""size"": 13.0, ""unit"": ""G""}",Rolling Drum,"{""rotationSpeed"": 100.0, ""rotationSpeedUnit"": ""rpm""}",15.0,kV,1.0,mL/h,15.0,cm,,,,,45.0,%,True,,338.0,nm,,nm,,,,,,,,,,,,,,,,,,
https://doi.org/10.1016/j.mtsust.2022.100275,586,False,PVDF,"[{""name"": ""PVDF""}]",True,DMF-ACETONE,"[{""name"": ""DMF""}, {""name"": ""ACETONE""}]",20.0,wt%,,,,,,,,,Single Needle,"{""size"": 13.0, ""unit"": ""G""}",Rolling Drum,"{""rotationSpeed"": 100.0, ""rotationSpeedUnit"": ""rpm""}",15.0,kV,1.0,mL/h,15.0,cm,,,,,45.0,%,True,,338.0,nm,,nm,,,,,,,,,,,,,,,,,,
https://doi.org/10.1016/j.materresbull.2022.112052,587,False,PVDF,"[{""name"": ""PVDF""}]",True,DMF-ACETONE,"[{""name"": ""DMF""}, {""name"": ""ACETONE""}]",18.0,wt%,,,,,,,,,Single Needle,"{""size"": 8.0, ""unit"": ""G""}",Rolling Drum,"{""rotationSpeed"": 700.0, ""rotationSpeedUnit"": ""rpm""}",20.0,kV,0.8,mL/h,20.0,cm,,,,,45.0,%,True,,94.0,nm,,nm,,,,,,,,,,,,,,,,,,
https://doi.org/10.1016/j.materresbull.2022.112052,588,False,PVDF,"[{""name"": ""PVDF""}]",True,DMF-ACETONE,"[{""name"": ""DMF""}, {""name"": ""ACETONE""}]",18.0,wt%,,,,,,,,,Single Needle,"{""size"": 8.0, ""unit"": ""G""}",Rolling Drum,"{""rotationSpeed"": 700.0, ""rotationSpeedUnit"": ""rpm""}",20.0,kV,0.8,mL/h,20.0,cm,,,,,45.0,%,True,,94.0,nm,,nm,,,,,,,,,,,,,,,,,,
https://doi.org/10.1016/j.materresbull.2022.112052,589,False,PVDF,"[{""name"": ""PVDF""}]",True,DMF-ACETONE,"[{""name"": ""DMF""}, {""name"": ""ACETONE""}]",18.0,wt%,,,,,,,,,Single Needle,"{""size"": 8.0, ""unit"": ""G""}",Rolling Drum,"{""rotationSpeed"": 700.0, ""rotationSpeedUnit"": ""rpm""}",20.0,kV,0.8,mL/h,20.0,cm,,,,,45.0,%,True,,94.0,nm,,nm,,,,,,,,,,,,,,,,,,
https://doi.org/10.1016/j.materresbull.2022.112052,590,False,PVDF,"[{""name"": ""PVDF""}]",True,DMF-ACETONE,"[{""name"": ""DMF""}, {""name"": ""ACETONE""}]",18.0,wt%,,,,,,,,,Single Needle,"{""size"": 8.0, ""unit"": ""G""}",Rolling Drum,"{""rotationSpeed"": 700.0, ""rotationSpeedUnit"": ""rpm""}",20.0,kV,0.8,mL/h,20.0,cm,,,,,45.0,%,True,,94.0,nm,,nm,,,,,,,,,,,,,,,,,,
https://doi.org/10.1016/j.jmrt.2023.01.007,591,False,PVDF,"[{""name"": ""PVDF""}]",False,DMF,"[{""name"": ""DMF""}]",20.0,wt%,,,,,,,,,Single Needle,"{""size"": 13.0, ""unit"": ""G""}",Rolling Drum,"{""rotationSpeed"": 100.0, ""rotationSpeedUnit"": ""rpm""}",17.0,kV,0.4,mL/h,10.0,cm,,,,,45.0,%,True,,343.5,nm,,nm,,,,,,,,,,,,,,,,,,
https://doi.org/10.1016/j.jmrt.2023.01.007,592,False,PVDF,"[{""name"": ""PVDF""}]",False,DMF,"[{""name"": ""DMF""}]",20.0,wt%,,,,,,,,,Single Needle,"{""size"": 13.0, ""unit"": ""G""}",Rolling Drum,"{""rotationSpeed"": 100.0, ""rotationSpeedUnit"": ""rpm""}",17.0,kV,0.4,mL/h,10.0,cm,,,,,45.0,%,True,,343.5,nm,,nm,,,,,,,,,,,,,,,,,,
https://doi.org/10.1016/j.jmrt.2023.01.007,593,False,PVDF,"[{""name"": ""PVDF""}]",False,DMF,"[{""name"": ""DMF""}]",20.0,wt%,,,,,,,,,Single Needle,"{""size"": 13.0, ""unit"": ""G""}",Rolling Drum,"{""rotationSpeed"": 100.0, ""rotationSpeedUnit"": ""rpm""}",17.0,kV,0.4,mL/h,10.0,cm,,,,,45.0,%,True,,343.5,nm,,nm,,,,,,,,,,,,,,,,,,
https://doi.org/10.1016/j.jmrt.2023.01.007,594,False,PVDF,"[{""name"": ""PVDF""}]",False,DMF,"[{""name"": ""DMF""}]",20.0,wt%,,,,,,,,,Single Needle,"{""size"": 13.0, ""unit"": ""G""}",Rolling Drum,"{""rotationSpeed"": 100.0, ""rotationSpeedUnit"": ""rpm""}",17.0,kV,0.4,mL/h,10.0,cm,,,,,45.0,%,True,,343.5,nm,,nm,,,,,,,,,,,,,,,,,,
https://doi.org/10.1016/j.jmrt.2023.01.007,595,False,PVDF,"[{""name"": ""PVDF""}]",False,DMF,"[{""name"": ""DMF""}]",20.0,wt%,,,,,,,,,Single Needle,"{""size"": 13.0, ""unit"": ""G""}",Rolling Drum,"{""rotationSpeed"": 100.0, ""rotationSpeedUnit"": ""rpm""}",17.0,kV,0.4,mL/h,10.0,cm,,,,,45.0,%,True,,343.5,nm,,nm,,,,,,,,,,,,,,,,,,
https://doi.org/10.1016/j.jmrt.2023.01.007,596,False,PVDF,"[{""name"": ""PVDF""}]",False,DMF,"[{""name"": ""DMF""}]",20.0,wt%,,,,,,,,,Single Needle,"{""size"": 13.0, ""unit"": ""G""}",Rolling Drum,"{""rotationSpeed"": 100.0, ""rotationSpeedUnit"": ""rpm""}",17.0,kV,0.4,mL/h,10.0,cm,,,,,45.0,%,True,,343.5,nm,,nm,,,,,,,,,,,,,,,,,,
https://doi.org/10.1016/j.jmrt.2023.01.007,597,False,PVDF,"[{""name"": ""PVDF""}]",False,DMF,"[{""name"": ""DMF""}]",20.0,wt%,,,,,,,,,Single Needle,"{""size"": 13.0, ""unit"": ""G""}",Rolling Drum,"{""rotationSpeed"": 100.0, ""rotationSpeedUnit"": ""rpm""}",17.0,kV,0.4,mL/h,10.0,cm,,,,,45.0,%,True,,343.5,nm,,nm,,,,,,,,,,,,,,,,,,
https://doi.org/10.1016/j.jmrt.2023.01.007,598,False,PVDF,"[{""name"": ""PVDF""}]",False,DMF,"[{""name"": ""DMF""}]",20.0,wt%,,,,,,,,,Single Needle,"{""size"": 13.0, ""unit"": ""G""}",Rolling Drum,"{""rotationSpeed"": 100.0, ""rotationSpeedUnit"": ""rpm""}",17.0,kV,0.4,mL/h,10.0,cm,,,,,45.0,%,True,,343.5,nm,,nm,,,,,,,,,,,,,,,,,,
https://doi.org/10.1016/j.jmrt.2023.01.007,599,False,PVDF,"[{""name"": ""PVDF""}]",False,DMF,"[{""name"": ""DMF""}]",20.0,wt%,,,,,,,,,Single Needle,"{""size"": 13.0, ""unit"": ""G""}",Rolling Drum,"{""rotationSpeed"": 100.0, ""rotationSpeedUnit"": ""rpm""}",17.0,kV,0.4,mL/h,10.0,cm,,,,,45.0,%,True,,343.5,nm,,nm,,,,,,,,,,,,,,,,,,
https://doi.org/10.3390/polym13030464,600,False,PVDF,"[{""name"": ""PVDF""}]",True,DMF-ACETONE,"[{""name"": ""DMF""}, {""name"": ""ACETONE""}]",15.0,wt%,,,,,,,,,Single Needle,"{""size"": 12.0, ""unit"": ""G""}",Flat,,17.5,kV,0.8,mL/h,15.0,cm,,,20.0,,40.0,%,False,,,nm,,nm,,,,,,,,,,,,,,,,,,
https://doi.org/10.3390/polym13030464,601,False,PVDF,"[{""name"": ""PVDF""}]",True,DMF-ACETONE,"[{""name"": ""DMF""}, {""name"": ""ACETONE""}]",15.0,wt%,,,,,,,,,Single Needle,"{""size"": 12.0, ""unit"": ""G""}",Flat,,10.0,kV,1.4,mL/h,15.0,cm,,,20.0,,40.0,%,False,,,nm,,nm,,,,,,,,,,,,,,,,,,
https://doi.org/10.1016/j.memsci.2022.120850,602,False,PVDF,"[{""name"": ""PVDF""}]",True,DMAC-ACETONE,"[{""name"": ""DMAC""}, {""name"": ""ACETONE""}]",17.0,wt%,,,,,,,,,Single Needle,,Flat,,15.0,kV,1.0,mL/h,15.0,cm,,,18.0,,30.0,%,True,,64.0,nm,,nm,,,,,,,,,,,,,,,,,,
https://doi.org/10.1016/j.memsci.2022.120850,603,False,PVDF,"[{""name"": ""PVDF""}]",True,DMAC-ACETONE,"[{""name"": ""DMAC""}, {""name"": ""ACETONE""}]",17.0,wt%,,,,,,,,,Single Needle,,Flat,,15.0,kV,1.0,mL/h,15.0,cm,,,18.0,,30.0,%,True,,82.0,nm,,nm,,,,,,,,,,,,,,,,,,
https://doi.org/10.1016/j.memsci.2022.120850,604,False,PVDF,"[{""name"": ""PVDF""}]",True,DMAC-ACETONE,"[{""name"": ""DMAC""}, {""name"": ""ACETONE""}]",17.0,wt%,,,,,,,,,Single Needle,,Flat,,15.0,kV,1.0,mL/h,15.0,cm,,,18.0,,30.0,%,True,,189.0,nm,,nm,,,,,,,,,,,,,,,,,,
https://doi.org/10.1016/j.memsci.2022.120850,605,False,PVDF,"[{""name"": ""PVDF""}]",True,DMAC-ACETONE,"[{""name"": ""DMAC""}, {""name"": ""ACETONE""}]",17.0,wt%,,,,,,,,,Single Needle,,Flat,,15.0,kV,1.0,mL/h,15.0,cm,,,18.0,,30.0,%,True,,378.0,nm,,nm,,,,,,,,,,,,,,,,,,
https://doi.org/10.1016/j.memsci.2022.120850,606,False,PVDF,"[{""name"": ""PVDF""}]",True,DMAC-ACETONE,"[{""name"": ""DMAC""}, {""name"": ""ACETONE""}]",25.0,wt%,,,,,,,,,Single Needle,,Flat,,15.0,kV,0.4,mL/h,15.0,cm,,,18.0,,30.0,%,True,,766.0,nm,,nm,,,,,,,,,,,,,,,,,,
https://doi.org/10.1177/15280837221106235,607,False,PVDF,"[{""name"": ""PVDF""}]",True,DMAC-ACETONE,"[{""name"": ""DMAC""}, {""name"": ""ACETONE""}]",19.9,wt%,,,,,,,,,Single Needle,,Flat,,8.0,kV,0.2,mL/h,10.0,cm,,,24.0,,50.0,%,False,,,nm,,nm,,,,,,,,,,,,,,,,,,
https://doi.org/10.1177/15280837221106235,608,False,PVDF,"[{""name"": ""PVDF""}]",True,DMAC-ACETONE,"[{""name"": ""DMAC""}, {""name"": ""ACETONE""}]",19.9,wt%,,,,,,,,,Single Needle,,Flat,,12.0,kV,0.2,mL/h,25.0,cm,,,24.0,,50.0,%,False,,,nm,,nm,,,,,,,,,,,,,,,,,,
https://doi.org/10.1177/15280837221106235,609,False,PVDF,"[{""name"": ""PVDF""}]",True,DMAC-ACETONE,"[{""name"": ""DMAC""}, {""name"": ""ACETONE""}]",17.7,wt%,,,,,,,,,Single Needle,,Flat,,15.0,kV,0.2,mL/h,30.0,cm,,,24.0,,50.0,%,False,,,nm,,nm,,,,,,,,,,,,,,,,,,
https://doi.org/10.1177/15280837221106235,610,False,PVDF,"[{""name"": ""PVDF""}]",True,DMAC-ACETONE,"[{""name"": ""DMAC""}, {""name"": ""ACETONE""}]",17.7,wt%,,,,,,,,,Single Needle,,Flat,,15.0,kV,0.2,mL/h,35.0,cm,,,24.0,,50.0,%,False,,,nm,,nm,,,,,,,,,,,,,,,,,,
https://doi.org/10.1177/15280837221106235,611,False,PVDF,"[{""name"": ""PVDF""}]",True,DMAC-ACETONE,"[{""name"": ""DMAC""}, {""name"": ""ACETONE""}]",16.9,wt%,,,,,,,,,Single Needle,,Flat,,8.0,kV,0.2,mL/h,30.0,cm,,,24.0,,50.0,%,False,,,nm,,nm,,,,,,,,,,,,,,,,,,
https://doi.org/10.1177/15280837221106235,612,False,PVDF,"[{""name"": ""PVDF""}]",True,DMAC-ACETONE,"[{""name"": ""DMAC""}, {""name"": ""ACETONE""}]",19.7,wt%,,,,,,,,,Single Needle,,Flat,,8.0,kV,0.2,mL/h,35.0,cm,,,24.0,,50.0,%,False,,,nm,,nm,,,,,,,,,,,,,,,,,,
https://doi.org/10.1177/15280837221106235,613,False,PVDF,"[{""name"": ""PVDF""}]",True,DMAC-ACETONE,"[{""name"": ""DMAC""}, {""name"": ""ACETONE""}]",18.7,wt%,,,,,,,,,Single Needle,,Flat,,8.0,kV,0.2,mL/h,35.0,cm,,,24.0,,50.0,%,False,,,nm,,nm,,,,,,,,,,,,,,,,,,
https://doi.org/10.1007/978-981-19-9267-4_74,614,False,PVDF,"[{""name"": ""PVDF""}]",False,DMF,"[{""name"": ""DMF""}]",15.0,wt%,,,,,,,,,Single Needle,,Flat,,15.0,kV,0.8,mL/h,15.0,cm,,,24.0,,50.0,%,False,,,nm,,nm,,,,,,,,,,,,,,,,,,
https://doi.org/10.1007/978-981-19-9267-4_74,615,False,PVDF,"[{""name"": ""PVDF""}]",False,DMF,"[{""name"": ""DMF""}]",15.0,wt%,,,,,,,,,Single Needle,,Flat,,15.0,kV,1.0,mL/h,15.0,cm,,,24.0,,50.0,%,False,,,nm,,nm,,,,,,,,,,,,,,,,,,
https://doi.org/10.1007/978-981-19-9267-4_74,616,False,PVDF,"[{""name"": ""PVDF""}]",False,DMF,"[{""name"": ""DMF""}]",15.0,wt%,,,,,,,,,Single Needle,,Flat,,15.0,kV,1.2,mL/h,15.0,cm,,,24.0,,50.0,%,False,,,nm,,nm,,,,,,,,,,,,,,,,,,
https://doi.org/10.1007/978-981-19-9267-4_74,617,False,PVDF,"[{""name"": ""PVDF""}]",False,DMF,"[{""name"": ""DMF""}]",15.0,wt%,,,,,,,,,Single Needle,,Flat,,15.0,kV,1.4,mL/h,15.0,cm,,,24.0,,50.0,%,False,,,nm,,nm,,,,,,,,,,,,,,,,,,
https://doi.org/10.1007/978-981-19-9267-4_74,618,False,PVDF,"[{""name"": ""PVDF""}]",False,DMF,"[{""name"": ""DMF""}]",15.0,wt%,,,,,,,,,Single Needle,,Flat,,20.0,kV,0.8,mL/h,15.0,cm,,,24.0,,50.0,%,False,,,nm,,nm,,,,,,,,,,,,,,,,,,
https://doi.org/10.1007/978-981-19-9267-4_74,619,False,PVDF,"[{""name"": ""PVDF""}]",False,DMF,"[{""name"": ""DMF""}]",15.0,wt%,,,,,,,,,Single Needle,,Flat,,20.0,kV,1.0,mL/h,15.0,cm,,,24.0,,50.0,%,False,,,nm,,nm,,,,,,,,,,,,,,,,,,
https://doi.org/10.1007/978-981-19-9267-4_74,620,False,PVDF,"[{""name"": ""PVDF""}]",False,DMF,"[{""name"": ""DMF""}]",15.0,wt%,,,,,,,,,Single Needle,,Flat,,20.0,kV,1.2,mL/h,15.0,cm,,,24.0,,50.0,%,False,,,nm,,nm,,,,,,,,,,,,,,,,,,
https://doi.org/10.1007/978-981-19-9267-4_74,621,False,PVDF,"[{""name"": ""PVDF""}]",False,DMF,"[{""name"": ""DMF""}]",15.0,wt%,,,,,,,,,Single Needle,,Flat,,20.0,kV,1.4,mL/h,15.0,cm,,,24.0,,50.0,%,False,,,nm,,nm,,,,,,,,,,,,,,,,,,
https://doi.org/10.3390/nano12060962,622,False,PVDF,"[{""name"": ""PVDF""}]",True,DMF-ACETONE,"[{""name"": ""DMF""}, {""name"": ""ACETONE""}]",14.77,wt%,,,,,,,,,Single Needle,,Flat,,10.0,kV,1.0,mL/h,15.0,cm,,,20.0,,45.0,%,False,,,nm,,nm,,,,,,,,,,,,,,,,,,
https://doi.org/10.3390/nano12060962,623,False,PVDF,"[{""name"": ""PVDF""}]",True,DMF-ACETONE,"[{""name"": ""DMF""}, {""name"": ""ACETONE""}]",14.28,wt%,,,,,,,,,Single Needle,,Flat,,10.0,kV,1.0,mL/h,15.0,cm,,,20.0,,45.0,%,False,,,nm,,nm,,,,,,,,,,,,,,,,,,
https://doi.org/10.3390/nano12060962,624,False,PVDF,"[{""name"": ""PVDF""}]",True,DMSO-ACETONE,"[{""name"": ""DMSO""}, {""name"": ""ACETONE""}]",16.15,wt%,,,,,,,,,Single Needle,,Flat,,10.0,kV,1.0,mL/h,15.0,cm,,,20.0,,45.0,%,True,,992.0,nm,,nm,,,,,,,,,,,,,,,,,,
https://doi.org/10.3390/nano12060962,625,False,PVDF,"[{""name"": ""PVDF""}]",True,DMSO-ACETONE,"[{""name"": ""DMSO""}, {""name"": ""ACETONE""}]",15.21,wt%,,,,,,,,,Single Needle,,Flat,,10.0,kV,1.0,mL/h,15.0,cm,,,20.0,,45.0,%,True,,817.0,nm,,nm,,,,,,,,,,,,,,,,,,
https://doi.org/10.3390/nano12060962,626,False,PVDF,"[{""name"": ""PVDF""}]",True,DMSO-ACETONE,"[{""name"": ""DMSO""}, {""name"": ""ACETONE""}]",14.71,wt%,,,,,,,,,Single Needle,,Flat,,10.0,kV,1.0,mL/h,15.0,cm,,,20.0,,45.0,%,True,,602.0,nm,,nm,,,,,,,,,,,,,,,,,,
https://doi.org/10.3390/nano12060962,627,False,PVDF,"[{""name"": ""PVDF""}]",True,DMSO-ACETONE,"[{""name"": ""DMSO""}, {""name"": ""ACETONE""}]",16.15,wt%,,,,,,,,,Single Needle,,Flat,,10.0,kV,0.5,mL/h,15.0,cm,,,20.0,,45.0,%,True,,658.0,nm,,nm,,,,,,,,,,,,,,,,,,
https://doi.org/10.3390/nano12060962,628,False,PVDF,"[{""name"": ""PVDF""}]",True,DMSO-ACETONE,"[{""name"": ""DMSO""}, {""name"": ""ACETONE""}]",16.15,wt%,,,,,,,,,Single Needle,,Flat,,10.0,kV,0.5,mL/h,30.0,cm,,,20.0,,45.0,%,True,,822.0,nm,,nm,,,,,,,,,,,,,,,,,,
https://doi.org/10.3390/nano12060962,629,False,PVDF,"[{""name"": ""PVDF""}]",True,DMSO-ACETONE,"[{""name"": ""DMSO""}, {""name"": ""ACETONE""}]",16.15,wt%,,,,,,,,,Single Needle,,Flat,,20.0,kV,0.5,mL/h,30.0,cm,,,20.0,,45.0,%,True,,734.0,nm,,nm,,,,,,,,,,,,,,,,,,
https://doi.org/10.1007/s11814-009-0309-1,630,False,PVA,"[{""name"": ""PVA""}]",False,WATER,"[{""name"": ""WATER""}]",8.0,wt%,,,,,,,,,Single Needle,,Flat,,15.0,kV,0.2,mL/h,10.0,cm,,,20.0,,45.0,%,True,,232.62,nm,26.6,nm,,,,,,,,,,,,,,,,,,
https://doi.org/10.1007/s11814-009-0309-1,631,False,PVA,"[{""name"": ""PVA""}]",False,WATER,"[{""name"": ""WATER""}]",8.0,wt%,,,,,,,,,Single Needle,,Flat,,15.0,kV,0.3,mL/h,10.0,cm,,,20.0,,45.0,%,True,,235.5,nm,24.52,nm,,,,,,,,,,,,,,,,,,
https://doi.org/10.1007/s11814-009-0309-1,632,False,PVA,"[{""name"": ""PVA""}]",False,WATER,"[{""name"": ""WATER""}]",8.0,wt%,,,,,,,,,Single Needle,,Flat,,15.0,kV,0.4,mL/h,10.0,cm,,,20.0,,45.0,%,True,,252.02,nm,25.89,nm,,,,,,,,,,,,,,,,,,
https://doi.org/10.1007/s11814-009-0309-1,633,False,PVA,"[{""name"": ""PVA""}]",False,WATER,"[{""name"": ""WATER""}]",8.0,wt%,,,,,,,,,Single Needle,,Flat,,20.0,kV,0.2,mL/h,10.0,cm,,,20.0,,45.0,%,True,,236.84,nm,37.3,nm,,,,,,,,,,,,,,,,,,
https://doi.org/10.1007/s11814-009-0309-1,634,False,PVA,"[{""name"": ""PVA""}]",False,WATER,"[{""name"": ""WATER""}]",8.0,wt%,,,,,,,,,Single Needle,,Flat,,20.0,kV,0.3,mL/h,10.0,cm,,,20.0,,45.0,%,True,,232.08,nm,30.22,nm,,,,,,,,,,,,,,,,,,
https://doi.org/10.1007/s11814-009-0309-1,635,False,PVA,"[{""name"": ""PVA""}]",False,WATER,"[{""name"": ""WATER""}]",8.0,wt%,,,,,,,,,Single Needle,,Flat,,20.0,kV,0.4,mL/h,10.0,cm,,,20.0,,45.0,%,True,,249.21,nm,34.49,nm,,,,,,,,,,,,,,,,,,
https://doi.org/10.1007/s11814-009-0309-1,636,False,PVA,"[{""name"": ""PVA""}]",False,WATER,"[{""name"": ""WATER""}]",8.0,wt%,,,,,,,,,Single Needle,,Flat,,25.0,kV,0.2,mL/h,10.0,cm,,,20.0,,45.0,%,True,,196.05,nm,34.76,nm,,,,,,,,,,,,,,,,,,
https://doi.org/10.1007/s11814-009-0309-1,637,False,PVA,"[{""name"": ""PVA""}]",False,WATER,"[{""name"": ""WATER""}]",8.0,wt%,,,,,,,,,Single Needle,,Flat,,25.0,kV,0.3,mL/h,10.0,cm,,,20.0,,45.0,%,True,,201.38,nm,35.15,nm,,,,,,,,,,,,,,,,,,
https://doi.org/10.1007/s11814-009-0309-1,638,False,PVA,"[{""name"": ""PVA""}]",False,WATER,"[{""name"": ""WATER""}]",8.0,wt%,,,,,,,,,Single Needle,,Flat,,25.0,kV,0.4,mL/h,10.0,cm,,,20.0,,45.0,%,True,,215.0,nm,39.0,nm,,,,,,,,,,,,,,,,,,
https://doi.org/10.1007/s11814-009-0309-1,639,False,PVA,"[{""name"": ""PVA""}]",False,WATER,"[{""name"": ""WATER""}]",8.0,wt%,,,,,,,,,Single Needle,,Flat,,15.0,kV,0.2,mL/h,15.0,cm,,,20.0,,45.0,%,True,,221.1,nm,28.88,nm,,,,,,,,,,,,,,,,,,
https://doi.org/10.1007/s11814-009-0309-1,640,False,PVA,"[{""name"": ""PVA""}]",False,WATER,"[{""name"": ""WATER""}]",8.0,wt%,,,,,,,,,Single Needle,,Flat,,15.0,kV,0.3,mL/h,15.0,cm,,,20.0,,45.0,%,True,,238.63,nm,20.17,nm,,,,,,,,,,,,,,,,,,
https://doi.org/10.1007/s11814-009-0309-1,641,False,PVA,"[{""name"": ""PVA""}]",False,WATER,"[{""name"": ""WATER""}]",8.0,wt%,,,,,,,,,Single Needle,,Flat,,15.0,kV,0.4,mL/h,15.0,cm,,,20.0,,45.0,%,True,,242.32,nm,21.99,nm,,,,,,,,,,,,,,,,,,
https://doi.org/10.1007/s11814-009-0309-1,642,False,PVA,"[{""name"": ""PVA""}]",False,WATER,"[{""name"": ""WATER""}]",8.0,wt%,,,,,,,,,Single Needle,,Flat,,20.0,kV,0.2,mL/h,15.0,cm,,,20.0,,45.0,%,True,,219.76,nm,36.19,nm,,,,,,,,,,,,,,,,,,
https://doi.org/10.1007/s11814-009-0309-1,643,False,PVA,"[{""name"": ""PVA""}]",False,WATER,"[{""name"": ""WATER""}]",8.0,wt%,,,,,,,,,Single Needle,,Flat,,20.0,kV,0.3,mL/h,15.0,cm,,,20.0,,45.0,%,True,,228.56,nm,28.29,nm,,,,,,,,,,,,,,,,,,
https://doi.org/10.1007/s11814-009-0309-1,644,False,PVA,"[{""name"": ""PVA""}]",False,WATER,"[{""name"": ""WATER""}]",8.0,wt%,,,,,,,,,Single Needle,,Flat,,20.0,kV,0.4,mL/h,15.0,cm,,,20.0,,45.0,%,True,,242.01,nm,28.3,nm,,,,,,,,,,,,,,,,,,
https://doi.org/10.1007/s11814-009-0309-1,645,False,PVA,"[{""name"": ""PVA""}]",False,WATER,"[{""name"": ""WATER""}]",8.0,wt%,,,,,,,,,Single Needle,,Flat,,25.0,kV,0.2,mL/h,15.0,cm,,,20.0,,45.0,%,True,,202.62,nm,33.22,nm,,,,,,,,,,,,,,,,,,
https://doi.org/10.1007/s11814-009-0309-1,646,False,PVA,"[{""name"": ""PVA""}]",False,WATER,"[{""name"": ""WATER""}]",8.0,wt%,,,,,,,,,Single Needle,,Flat,,25.0,kV,0.3,mL/h,15.0,cm,,,20.0,,45.0,%,True,,208.21,nm,37.14,nm,,,,,,,,,,,,,,,,,,
https://doi.org/10.1007/s11814-009-0309-1,647,False,PVA,"[{""name"": ""PVA""}]",False,WATER,"[{""name"": ""WATER""}]",8.0,wt%,,,,,,,,,Single Needle,,Flat,,25.0,kV,0.4,mL/h,15.0,cm,,,20.0,,45.0,%,True,,213.66,nm,34.84,nm,,,,,,,,,,,,,,,,,,
https://doi.org/10.1007/s11814-009-0309-1,648,False,PVA,"[{""name"": ""PVA""}]",False,WATER,"[{""name"": ""WATER""}]",8.0,wt%,,,,,,,,,Single Needle,,Flat,,15.0,kV,0.2,mL/h,20.0,cm,,,20.0,,45.0,%,True,,196.63,nm,30.69,nm,,,,,,,,,,,,,,,,,,
https://doi.org/10.1007/s11814-009-0309-1,649,False,PVA,"[{""name"": ""PVA""}]",False,WATER,"[{""name"": ""WATER""}]",8.0,wt%,,,,,,,,,Single Needle,,Flat,,15.0,kV,0.3,mL/h,20.0,cm,,,20.0,,45.0,%,True,,197.73,nm,24.55,nm,,,,,,,,,,,,,,,,,,
https://doi.org/10.1007/s11814-009-0309-1,650,False,PVA,"[{""name"": ""PVA""}]",False,WATER,"[{""name"": ""WATER""}]",8.0,wt%,,,,,,,,,Single Needle,,Flat,,15.0,kV,0.4,mL/h,20.0,cm,,,20.0,,45.0,%,True,,206.28,nm,22.11,nm,,,,,,,,,,,,,,,,,,
https://doi.org/10.1007/s11814-009-0309-1,651,False,PVA,"[{""name"": ""PVA""}]",False,WATER,"[{""name"": ""WATER""}]",8.0,wt%,,,,,,,,,Single Needle,,Flat,,20.0,kV,0.2,mL/h,20.0,cm,,,20.0,,45.0,%,True,,206.69,nm,31.56,nm,,,,,,,,,,,,,,,,,,
https://doi.org/10.1007/s11814-009-0309-1,652,False,PVA,"[{""name"": ""PVA""}]",False,WATER,"[{""name"": ""WATER""}]",8.0,wt%,,,,,,,,,Single Needle,,Flat,,20.0,kV,0.3,mL/h,20.0,cm,,,20.0,,45.0,%,True,,224.38,nm,27.41,nm,,,,,,,,,,,,,,,,,,
https://doi.org/10.1007/s11814-009-0309-1,653,False,PVA,"[{""name"": ""PVA""}]",False,WATER,"[{""name"": ""WATER""}]",8.0,wt%,,,,,,,,,Single Needle,,Flat,,20.0,kV,0.4,mL/h,20.0,cm,,,20.0,,45.0,%,True,,242.06,nm,26.51,nm,,,,,,,,,,,,,,,,,,
https://doi.org/10.1007/s11814-009-0309-1,654,False,PVA,"[{""name"": ""PVA""}]",False,WATER,"[{""name"": ""WATER""}]",8.0,wt%,,,,,,,,,Single Needle,,Flat,,25.0,kV,0.2,mL/h,20.0,cm,,,20.0,,45.0,%,True,,205.25,nm,40.32,nm,,,,,,,,,,,,,,,,,,
https://doi.org/10.1007/s11814-009-0309-1,655,False,PVA,"[{""name"": ""PVA""}]",False,WATER,"[{""name"": ""WATER""}]",8.0,wt%,,,,,,,,,Single Needle,,Flat,,25.0,kV,0.3,mL/h,20.0,cm,,,20.0,,45.0,%,True,,215.7,nm,30.54,nm,,,,,,,,,,,,,,,,,,
https://doi.org/10.1007/s11814-009-0309-1,656,False,PVA,"[{""name"": ""PVA""}]",False,WATER,"[{""name"": ""WATER""}]",8.0,wt%,,,,,,,,,Single Needle,,Flat,,25.0,kV,0.4,mL/h,20.0,cm,,,20.0,,45.0,%,True,,231.34,nm,32.4,nm,,,,,,,,,,,,,,,,,,
https://doi.org/10.1007/s11814-009-0309-1,657,False,PVA,"[{""name"": ""PVA""}]",False,WATER,"[{""name"": ""WATER""}]",10.0,wt%,,,,,,,,,Single Needle,,Flat,,15.0,kV,0.2,mL/h,10.0,cm,,,20.0,,45.0,%,True,,269.91,nm,30.35,nm,,,,,,,,,,,,,,,,,,
https://doi.org/10.1007/s11814-009-0309-1,658,False,PVA,"[{""name"": ""PVA""}]",False,WATER,"[{""name"": ""WATER""}]",10.0,wt%,,,,,,,,,Single Needle,,Flat,,15.0,kV,0.3,mL/h,10.0,cm,,,20.0,,45.0,%,True,,270.05,nm,28.88,nm,,,,,,,,,,,,,,,,,,
https://doi.org/10.1007/s11814-009-0309-1,659,False,PVA,"[{""name"": ""PVA""}]",False,WATER,"[{""name"": ""WATER""}]",10.0,wt%,,,,,,,,,Single Needle,,Flat,,15.0,kV,0.4,mL/h,10.0,cm,,,20.0,,45.0,%,True,,291.99,nm,33.98,nm,,,,,,,,,,,,,,,,,,
https://doi.org/10.1007/s11814-009-0309-1,660,False,PVA,"[{""name"": ""PVA""}]",False,WATER,"[{""name"": ""WATER""}]",10.0,wt%,,,,,,,,,Single Needle,,Flat,,20.0,kV,0.2,mL/h,10.0,cm,,,20.0,,45.0,%,True,,256.11,nm,38.54,nm,,,,,,,,,,,,,,,,,,
https://doi.org/10.1007/s11814-009-0309-1,661,False,PVA,"[{""name"": ""PVA""}]",False,WATER,"[{""name"": ""WATER""}]",10.0,wt%,,,,,,,,,Single Needle,,Flat,,20.0,kV,0.3,mL/h,10.0,cm,,,20.0,,45.0,%,True,,264.86,nm,35.7,nm,,,,,,,,,,,,,,,,,,
https://doi.org/10.1007/s11814-009-0309-1,662,False,PVA,"[{""name"": ""PVA""}]",False,WATER,"[{""name"": ""WATER""}]",10.0,wt%,,,,,,,,,Single Needle,,Flat,,20.0,kV,0.4,mL/h,10.0,cm,,,20.0,,45.0,%,True,,278.34,nm,49.13,nm,,,,,,,,,,,,,,,,,,
https://doi.org/10.1007/s11814-009-0309-1,663,False,PVA,"[{""name"": ""PVA""}]",False,WATER,"[{""name"": ""WATER""}]",10.0,wt%,,,,,,,,,Single Needle,,Flat,,25.0,kV,0.2,mL/h,10.0,cm,,,20.0,,45.0,%,True,,228.21,nm,42.33,nm,,,,,,,,,,,,,,,,,,
https://doi.org/10.1007/s11814-009-0309-1,664,False,PVA,"[{""name"": ""PVA""}]",False,WATER,"[{""name"": ""WATER""}]",10.0,wt%,,,,,,,,,Single Needle,,Flat,,25.0,kV,0.3,mL/h,10.0,cm,,,20.0,,45.0,%,True,,239.28,nm,40.3,nm,,,,,,,,,,,,,,,,,,
https://doi.org/10.1007/s11814-009-0309-1,665,False,PVA,"[{""name"": ""PVA""}]",False,WATER,"[{""name"": ""WATER""}]",10.0,wt%,,,,,,,,,Single Needle,,Flat,,25.0,kV,0.4,mL/h,10.0,cm,,,20.0,,45.0,%,True,,238.74,nm,46.57,nm,,,,,,,,,,,,,,,,,,
https://doi.org/10.1007/s11814-009-0309-1,666,False,PVA,"[{""name"": ""PVA""}]",False,WATER,"[{""name"": ""WATER""}]",10.0,wt%,,,,,,,,,Single Needle,,Flat,,15.0,kV,0.2,mL/h,15.0,cm,,,20.0,,45.0,%,True,,263.67,nm,34.16,nm,,,,,,,,,,,,,,,,,,
https://doi.org/10.1007/s11814-009-0309-1,667,False,PVA,"[{""name"": ""PVA""}]",False,WATER,"[{""name"": ""WATER""}]",10.0,wt%,,,,,,,,,Single Needle,,Flat,,15.0,kV,0.3,mL/h,15.0,cm,,,20.0,,45.0,%,True,,269.29,nm,31.54,nm,,,,,,,,,,,,,,,,,,
https://doi.org/10.1007/s11814-009-0309-1,668,False,PVA,"[{""name"": ""PVA""}]",False,WATER,"[{""name"": ""WATER""}]",10.0,wt%,,,,,,,,,Single Needle,,Flat,,15.0,kV,0.4,mL/h,15.0,cm,,,20.0,,45.0,%,True,,277.71,nm,29.4,nm,,,,,,,,,,,,,,,,,,
https://doi.org/10.1007/s11814-009-0309-1,669,False,PVA,"[{""name"": ""PVA""}]",False,WATER,"[{""name"": ""WATER""}]",10.0,wt%,,,,,,,,,Single Needle,,Flat,,20.0,kV,0.2,mL/h,15.0,cm,,,20.0,,45.0,%,True,,284.2,nm,38.18,nm,,,,,,,,,,,,,,,,,,
https://doi.org/10.1007/s11814-009-0309-1,670,False,PVA,"[{""name"": ""PVA""}]",False,WATER,"[{""name"": ""WATER""}]",10.0,wt%,,,,,,,,,Single Needle,,Flat,,20.0,kV,0.3,mL/h,15.0,cm,,,20.0,,45.0,%,True,,281.82,nm,36.27,nm,,,,,,,,,,,,,,,,,,
https://doi.org/10.1007/s11814-009-0309-1,671,False,PVA,"[{""name"": ""PVA""}]",False,WATER,"[{""name"": ""WATER""}]",10.0,wt%,,,,,,,,,Single Needle,,Flat,,20.0,kV,0.4,mL/h,15.0,cm,,,20.0,,45.0,%,True,,282.39,nm,42.07,nm,,,,,,,,,,,,,,,,,,
https://doi.org/10.1007/s11814-009-0309-1,672,False,PVA,"[{""name"": ""PVA""}]",False,WATER,"[{""name"": ""WATER""}]",10.0,wt%,,,,,,,,,Single Needle,,Flat,,25.0,kV,0.2,mL/h,15.0,cm,,,20.0,,45.0,%,True,,249.42,nm,40.79,nm,,,,,,,,,,,,,,,,,,
https://doi.org/10.1007/s11814-009-0309-1,673,False,PVA,"[{""name"": ""PVA""}]",False,WATER,"[{""name"": ""WATER""}]",10.0,wt%,,,,,,,,,Single Needle,,Flat,,25.0,kV,0.3,mL/h,15.0,cm,,,20.0,,45.0,%,True,,278.22,nm,46.15,nm,,,,,,,,,,,,,,,,,,
https://doi.org/10.1007/s11814-009-0309-1,674,False,PVA,"[{""name"": ""PVA""}]",False,WATER,"[{""name"": ""WATER""}]",10.0,wt%,,,,,,,,,Single Needle,,Flat,,25.0,kV,0.4,mL/h,15.0,cm,,,20.0,,45.0,%,True,,286.96,nm,51.16,nm,,,,,,,,,,,,,,,,,,
https://doi.org/10.1007/s11814-009-0309-1,675,False,PVA,"[{""name"": ""PVA""}]",False,WATER,"[{""name"": ""WATER""}]",10.0,wt%,,,,,,,,,Single Needle,,Flat,,15.0,kV,0.2,mL/h,20.0,cm,,,20.0,,45.0,%,True,,239.45,nm,27.98,nm,,,,,,,,,,,,,,,,,,
https://doi.org/10.1007/s11814-009-0309-1,676,False,PVA,"[{""name"": ""PVA""}]",False,WATER,"[{""name"": ""WATER""}]",10.0,wt%,,,,,,,,,Single Needle,,Flat,,15.0,kV,0.3,mL/h,20.0,cm,,,20.0,,45.0,%,True,,244.04,nm,27.43,nm,,,,,,,,,,,,,,,,,,
https://doi.org/10.1007/s11814-009-0309-1,677,False,PVA,"[{""name"": ""PVA""}]",False,WATER,"[{""name"": ""WATER""}]",10.0,wt%,,,,,,,,,Single Needle,,Flat,,15.0,kV,0.4,mL/h,20.0,cm,,,20.0,,45.0,%,True,,251.58,nm,27.26,nm,,,,,,,,,,,,,,,,,,
https://doi.org/10.1007/s11814-009-0309-1,678,False,PVA,"[{""name"": ""PVA""}]",False,WATER,"[{""name"": ""WATER""}]",10.0,wt%,,,,,,,,,Single Needle,,Flat,,20.0,kV,0.2,mL/h,20.0,cm,,,20.0,,45.0,%,True,,285.67,nm,35.62,nm,,,,,,,,,,,,,,,,,,
https://doi.org/10.1007/s11814-009-0309-1,679,False,PVA,"[{""name"": ""PVA""}]",False,WATER,"[{""name"": ""WATER""}]",10.0,wt%,,,,,,,,,Single Needle,,Flat,,20.0,kV,0.3,mL/h,20.0,cm,,,20.0,,45.0,%,True,,273.05,nm,30.74,nm,,,,,,,,,,,,,,,,,,
https://doi.org/10.1007/s11814-009-0309-1,680,False,PVA,"[{""name"": ""PVA""}]",False,WATER,"[{""name"": ""WATER""}]",10.0,wt%,,,,,,,,,Single Needle,,Flat,,20.0,kV,0.4,mL/h,20.0,cm,,,20.0,,45.0,%,True,,280.62,nm,34.66,nm,,,,,,,,,,,,,,,,,,
https://doi.org/10.1007/s11814-009-0309-1,681,False,PVA,"[{""name"": ""PVA""}]",False,WATER,"[{""name"": ""WATER""}]",10.0,wt%,,,,,,,,,Single Needle,,Flat,,25.0,kV,0.2,mL/h,20.0,cm,,,20.0,,45.0,%,True,,278.1,nm,40.79,nm,,,,,,,,,,,,,,,,,,
https://doi.org/10.1007/s11814-009-0309-1,682,False,PVA,"[{""name"": ""PVA""}]",False,WATER,"[{""name"": ""WATER""}]",10.0,wt%,,,,,,,,,Single Needle,,Flat,,25.0,kV,0.3,mL/h,20.0,cm,,,20.0,,45.0,%,True,,280.95,nm,44.58,nm,,,,,,,,,,,,,,,,,,
https://doi.org/10.1007/s11814-009-0309-1,683,False,PVA,"[{""name"": ""PVA""}]",False,WATER,"[{""name"": ""WATER""}]",10.0,wt%,,,,,,,,,Single Needle,,Flat,,25.0,kV,0.4,mL/h,20.0,cm,,,20.0,,45.0,%,True,,306.28,nm,44.04,nm,,,,,,,,,,,,,,,,,,
https://doi.org/10.1007/s11814-009-0309-1,684,False,PVA,"[{""name"": ""PVA""}]",False,WATER,"[{""name"": ""WATER""}]",12.0,wt%,,,,,,,,,Single Needle,,Flat,,15.0,kV,0.2,mL/h,10.0,cm,,,20.0,,45.0,%,True,,286.23,nm,27.12,nm,,,,,,,,,,,,,,,,,,
https://doi.org/10.1007/s11814-009-0309-1,685,False,PVA,"[{""name"": ""PVA""}]",False,WATER,"[{""name"": ""WATER""}]",12.0,wt%,,,,,,,,,Single Needle,,Flat,,15.0,kV,0.3,mL/h,10.0,cm,,,20.0,,45.0,%,True,,295.6,nm,32.91,nm,,,,,,,,,,,,,,,,,,
https://doi.org/10.1007/s11814-009-0309-1,686,False,PVA,"[{""name"": ""PVA""}]",False,WATER,"[{""name"": ""WATER""}]",12.0,wt%,,,,,,,,,Single Needle,,Flat,,15.0,kV,0.4,mL/h,10.0,cm,,,20.0,,45.0,%,True,,293.41,nm,40.48,nm,,,,,,,,,,,,,,,,,,
https://doi.org/10.1007/s11814-009-0309-1,687,False,PVA,"[{""name"": ""PVA""}]",False,WATER,"[{""name"": ""WATER""}]",12.0,wt%,,,,,,,,,Single Needle,,Flat,,20.0,kV,0.2,mL/h,10.0,cm,,,20.0,,45.0,%,True,,271.2,nm,34.86,nm,,,,,,,,,,,,,,,,,,
https://doi.org/10.1007/s11814-009-0309-1,688,False,PVA,"[{""name"": ""PVA""}]",False,WATER,"[{""name"": ""WATER""}]",12.0,wt%,,,,,,,,,Single Needle,,Flat,,20.0,kV,0.3,mL/h,10.0,cm,,,20.0,,45.0,%,True,,291.89,nm,42.78,nm,,,,,,,,,,,,,,,,,,
https://doi.org/10.1007/s11814-009-0309-1,689,False,PVA,"[{""name"": ""PVA""}]",False,WATER,"[{""name"": ""WATER""}]",12.0,wt%,,,,,,,,,Single Needle,,Flat,,20.0,kV,0.4,mL/h,10.0,cm,,,20.0,,45.0,%,True,,295.93,nm,49.43,nm,,,,,,,,,,,,,,,,,,
https://doi.org/10.1007/s11814-009-0309-1,690,False,PVA,"[{""name"": ""PVA""}]",False,WATER,"[{""name"": ""WATER""}]",12.0,wt%,,,,,,,,,Single Needle,,Flat,,25.0,kV,0.2,mL/h,10.0,cm,,,20.0,,45.0,%,True,,234.13,nm,39.31,nm,,,,,,,,,,,,,,,,,,
https://doi.org/10.1007/s11814-009-0309-1,691,False,PVA,"[{""name"": ""PVA""}]",False,WATER,"[{""name"": ""WATER""}]",12.0,wt%,,,,,,,,,Single Needle,,Flat,,25.0,kV,0.3,mL/h,10.0,cm,,,20.0,,45.0,%,True,,247.65,nm,48.6,nm,,,,,,,,,,,,,,,,,,
https://doi.org/10.1007/s11814-009-0309-1,692,False,PVA,"[{""name"": ""PVA""}]",False,WATER,"[{""name"": ""WATER""}]",12.0,wt%,,,,,,,,,Single Needle,,Flat,,25.0,kV,0.4,mL/h,10.0,cm,,,20.0,,45.0,%,True,,247.13,nm,59.02,nm,,,,,,,,,,,,,,,,,,
https://doi.org/10.1007/s11814-009-0309-1,693,False,PVA,"[{""name"": ""PVA""}]",False,WATER,"[{""name"": ""WATER""}]",12.0,wt%,,,,,,,,,Single Needle,,Flat,,15.0,kV,0.2,mL/h,15.0,cm,,,20.0,,45.0,%,True,,271.93,nm,33.05,nm,,,,,,,,,,,,,,,,,,
https://doi.org/10.1007/s11814-009-0309-1,694,False,PVA,"[{""name"": ""PVA""}]",False,WATER,"[{""name"": ""WATER""}]",12.0,wt%,,,,,,,,,Single Needle,,Flat,,15.0,kV,0.3,mL/h,15.0,cm,,,20.0,,45.0,%,True,,297.65,nm,26.75,nm,,,,,,,,,,,,,,,,,,
https://doi.org/10.1007/s11814-009-0309-1,695,False,PVA,"[{""name"": ""PVA""}]",False,WATER,"[{""name"": ""WATER""}]",12.0,wt%,,,,,,,,,Single Needle,,Flat,,15.0,kV,0.4,mL/h,15.0,cm,,,20.0,,45.0,%,True,,296.79,nm,39.84,nm,,,,,,,,,,,,,,,,,,
https://doi.org/10.1007/s11814-009-0309-1,696,False,PVA,"[{""name"": ""PVA""}]",False,WATER,"[{""name"": ""WATER""}]",12.0,wt%,,,,,,,,,Single Needle,,Flat,,20.0,kV,0.2,mL/h,15.0,cm,,,20.0,,45.0,%,True,,297.94,nm,38.82,nm,,,,,,,,,,,,,,,,,,
https://doi.org/10.1007/s11814-009-0309-1,697,False,PVA,"[{""name"": ""PVA""}]",False,WATER,"[{""name"": ""WATER""}]",12.0,wt%,,,,,,,,,Single Needle,,Flat,,20.0,kV,0.3,mL/h,15.0,cm,,,20.0,,45.0,%,True,,310.06,nm,36.84,nm,,,,,,,,,,,,,,,,,,
https://doi.org/10.1007/s11814-009-0309-1,698,False,PVA,"[{""name"": ""PVA""}]",False,WATER,"[{""name"": ""WATER""}]",12.0,wt%,,,,,,,,,Single Needle,,Flat,,20.0,kV,0.4,mL/h,15.0,cm,,,20.0,,45.0,%,True,,312.15,nm,41.69,nm,,,,,,,,,,,,,,,,,,
https://doi.org/10.1007/s11814-009-0309-1,699,False,PVA,"[{""name"": ""PVA""}]",False,WATER,"[{""name"": ""WATER""}]",12.0,wt%,,,,,,,,,Single Needle,,Flat,,25.0,kV,0.2,mL/h,15.0,cm,,,20.0,,45.0,%,True,,272.24,nm,39.55,nm,,,,,,,,,,,,,,,,,,
https://doi.org/10.1007/s11814-009-0309-1,700,False,PVA,"[{""name"": ""PVA""}]",False,WATER,"[{""name"": ""WATER""}]",12.0,wt%,,,,,,,,,Single Needle,,Flat,,25.0,kV,0.3,mL/h,15.0,cm,,,20.0,,45.0,%,True,,282.04,nm,42.35,nm,,,,,,,,,,,,,,,,,,
https://doi.org/10.1007/s11814-009-0309-1,701,False,PVA,"[{""name"": ""PVA""}]",False,WATER,"[{""name"": ""WATER""}]",12.0,wt%,,,,,,,,,Single Needle,,Flat,,25.0,kV,0.4,mL/h,15.0,cm,,,20.0,,45.0,%,True,,288.0,nm,51.72,nm,,,,,,,,,,,,,,,,,,
https://doi.org/10.1007/s11814-009-0309-1,702,False,PVA,"[{""name"": ""PVA""}]",False,WATER,"[{""name"": ""WATER""}]",12.0,wt%,,,,,,,,,Single Needle,,Flat,,15.0,kV,0.2,mL/h,20.0,cm,,,20.0,,45.0,%,True,,259.63,nm,34.63,nm,,,,,,,,,,,,,,,,,,
https://doi.org/10.1007/s11814-009-0309-1,703,False,PVA,"[{""name"": ""PVA""}]",False,WATER,"[{""name"": ""WATER""}]",12.0,wt%,,,,,,,,,Single Needle,,Flat,,15.0,kV,0.3,mL/h,20.0,cm,,,20.0,,45.0,%,True,,278.4,nm,25.35,nm,,,,,,,,,,,,,,,,,,
https://doi.org/10.1007/s11814-009-0309-1,704,False,PVA,"[{""name"": ""PVA""}]",False,WATER,"[{""name"": ""WATER""}]",12.0,wt%,,,,,,,,,Single Needle,,Flat,,15.0,kV,0.4,mL/h,20.0,cm,,,20.0,,45.0,%,True,,279.25,nm,27.25,nm,,,,,,,,,,,,,,,,,,
https://doi.org/10.1007/s11814-009-0309-1,705,False,PVA,"[{""name"": ""PVA""}]",False,WATER,"[{""name"": ""WATER""}]",12.0,wt%,,,,,,,,,Single Needle,,Flat,,20.0,kV,0.2,mL/h,20.0,cm,,,20.0,,45.0,%,True,,307.42,nm,42.25,nm,,,,,,,,,,,,,,,,,,
https://doi.org/10.1007/s11814-009-0309-1,706,False,PVA,"[{""name"": ""PVA""}]",False,WATER,"[{""name"": ""WATER""}]",12.0,wt%,,,,,,,,,Single Needle,,Flat,,20.0,kV,0.3,mL/h,20.0,cm,,,20.0,,45.0,%,True,,327.77,nm,35.71,nm,,,,,,,,,,,,,,,,,,
https://doi.org/10.1007/s11814-009-0309-1,707,False,PVA,"[{""name"": ""PVA""}]",False,WATER,"[{""name"": ""WATER""}]",12.0,wt%,,,,,,,,,Single Needle,,Flat,,20.0,kV,0.4,mL/h,20.0,cm,,,20.0,,45.0,%,True,,337.88,nm,45.16,nm,,,,,,,,,,,,,,,,,,
https://doi.org/10.1007/s11814-009-0309-1,708,False,PVA,"[{""name"": ""PVA""}]",False,WATER,"[{""name"": ""WATER""}]",12.0,wt%,,,,,,,,,Single Needle,,Flat,,25.0,kV,0.2,mL/h,20.0,cm,,,20.0,,45.0,%,True,,321.78,nm,46.21,nm,,,,,,,,,,,,,,,,,,
https://doi.org/10.1007/s11814-009-0309-1,709,False,PVA,"[{""name"": ""PVA""}]",False,WATER,"[{""name"": ""WATER""}]",12.0,wt%,,,,,,,,,Single Needle,,Flat,,25.0,kV,0.3,mL/h,20.0,cm,,,20.0,,45.0,%,True,,334.54,nm,40.68,nm,,,,,,,,,,,,,,,,,,
https://doi.org/10.1007/s11814-009-0309-1,710,False,PVA,"[{""name"": ""PVA""}]",False,WATER,"[{""name"": ""WATER""}]",12.0,wt%,,,,,,,,,Single Needle,,Flat,,25.0,kV,0.4,mL/h,20.0,cm,,,20.0,,45.0,%,True,,342.45,nm,47.94,nm,,,,,,,,,,,,,,,,,,
https://doi.org/10.1007/s11814-009-0309-1,711,False,PVA,"[{""name"": ""PVA""}]",False,WATER,"[{""name"": ""WATER""}]",9.0,wt%,,,,,,,,,Single Needle,,Flat,,15.0,kV,0.3,mL/h,20.0,cm,,,20.0,,45.0,%,True,,216.53,nm,24.25,nm,,,,,,,,,,,,,,,,,,
https://doi.org/10.1007/s11814-009-0309-1,712,False,PVA,"[{""name"": ""PVA""}]",False,WATER,"[{""name"": ""WATER""}]",10.0,wt%,,,,,,,,,Single Needle,,Flat,,15.0,kV,0.3,mL/h,12.5,cm,,,20.0,,45.0,%,True,,259.61,nm,25.67,nm,,,,,,,,,,,,,,,,,,
https://doi.org/10.1007/s11814-009-0309-1,713,False,PVA,"[{""name"": ""PVA""}]",False,WATER,"[{""name"": ""WATER""}]",10.0,wt%,,,,,,,,,Single Needle,,Flat,,22.5,kV,0.3,mL/h,20.0,cm,,,20.0,,45.0,%,True,,300.27,nm,35.71,nm,,,,,,,,,,,,,,,,,,
https://doi.org/10.1007/s11814-009-0309-1,714,False,PVA,"[{""name"": ""PVA""}]",False,WATER,"[{""name"": ""WATER""}]",10.0,wt%,,,,,,,,,Single Needle,,Flat,,15.0,kV,0.25,mL/h,20.0,cm,,,20.0,,45.0,%,True,,235.04,nm,29.64,nm,,,,,,,,,,,,,,,,,,
https://doi.org/10.1007/s11814-009-0309-1,715,False,PVA,"[{""name"": ""PVA""}]",False,WATER,"[{""name"": ""WATER""}]",9.0,wt%,,,,,,,,,Single Needle,,Flat,,15.0,kV,0.3,mL/h,12.5,cm,,,20.0,,45.0,%,True,,247.57,nm,26.65,nm,,,,,,,,,,,,,,,,,,
https://doi.org/10.1007/s11814-009-0309-1,716,False,PVA,"[{""name"": ""PVA""}]",False,WATER,"[{""name"": ""WATER""}]",9.0,wt%,,,,,,,,,Single Needle,,Flat,,22.5,kV,0.3,mL/h,20.0,cm,,,20.0,,45.0,%,True,,247.16,nm,31.12,nm,,,,,,,,,,,,,,,,,,
https://doi.org/10.1007/s11814-009-0309-1,717,False,PVA,"[{""name"": ""PVA""}]",False,WATER,"[{""name"": ""WATER""}]",9.0,wt%,,,,,,,,,Single Needle,,Flat,,15.0,kV,0.25,mL/h,20.0,cm,,,20.0,,45.0,%,True,,212.82,nm,30.26,nm,,,,,,,,,,,,,,,,,,
https://doi.org/10.1007/s11814-009-0309-1,718,False,PVA,"[{""name"": ""PVA""}]",False,WATER,"[{""name"": ""WATER""}]",10.0,wt%,,,,,,,,,Single Needle,,Flat,,22.5,kV,0.3,mL/h,12.5,cm,,,20.0,,45.0,%,True,,263.7,nm,45.06,nm,,,,,,,,,,,,,,,,,,
https://doi.org/10.1007/s11814-009-0309-1,719,False,PVA,"[{""name"": ""PVA""}]",False,WATER,"[{""name"": ""WATER""}]",10.0,wt%,,,,,,,,,Single Needle,,Flat,,15.0,kV,0.25,mL/h,12.5,cm,,,20.0,,45.0,%,True,,258.26,nm,26.16,nm,,,,,,,,,,,,,,,,,,
https://doi.org/10.1007/s11814-009-0309-1,720,False,PVA,"[{""name"": ""PVA""}]",False,WATER,"[{""name"": ""WATER""}]",10.0,wt%,,,,,,,,,Single Needle,,Flat,,22.5,kV,0.25,mL/h,20.0,cm,,,20.0,,45.0,%,True,,272.03,nm,36.28,nm,,,,,,,,,,,,,,,,,,
https://doi.org/10.1007/s11814-009-0309-1,721,False,PVA,"[{""name"": ""PVA""}]",False,WATER,"[{""name"": ""WATER""}]",9.0,wt%,,,,,,,,,Single Needle,,Flat,,22.5,kV,0.3,mL/h,12.5,cm,,,20.0,,45.0,%,True,,235.75,nm,33.16,nm,,,,,,,,,,,,,,,,,,
https://doi.org/10.1007/s11814-009-0309-1,722,False,PVA,"[{""name"": ""PVA""}]",False,WATER,"[{""name"": ""WATER""}]",9.0,wt%,,,,,,,,,Single Needle,,Flat,,15.0,kV,0.25,mL/h,12.5,cm,,,20.0,,45.0,%,True,,244.43,nm,24.87,nm,,,,,,,,,,,,,,,,,,
https://doi.org/10.1007/s11814-009-0309-1,723,False,PVA,"[{""name"": ""PVA""}]",False,WATER,"[{""name"": ""WATER""}]",9.0,wt%,,,,,,,,,Single Needle,,Flat,,22.5,kV,0.25,mL/h,20.0,cm,,,20.0,,45.0,%,True,,252.5,nm,36.01,nm,,,,,,,,,,,,,,,,,,
https://doi.org/10.1007/s11814-009-0309-1,724,False,PVA,"[{""name"": ""PVA""}]",False,WATER,"[{""name"": ""WATER""}]",10.0,wt%,,,,,,,,,Single Needle,,Flat,,22.5,kV,0.25,mL/h,12.5,cm,,,20.0,,45.0,%,True,,260.71,nm,42.25,nm,,,,,,,,,,,,,,,,,,
https://doi.org/10.1007/s11814-009-0309-1,725,False,PVA,"[{""name"": ""PVA""}]",False,WATER,"[{""name"": ""WATER""}]",9.0,wt%,,,,,,,,,Single Needle,,Flat,,22.5,kV,0.25,mL/h,12.5,cm,,,20.0,,45.0,%,True,,231.97,nm,32.86,nm,,,,,,,,,,,,,,,,,,
https://doi.org/10.1002/app.36726,726,False,PAN,"[{""name"": ""PAN""}]",False,DMF,"[{""name"": ""DMF""}]",12.0,,,,,,,,,,Single Needle,"{""size"": 22.0, ""unit"": ""G""}",Rolling Drum,"{""rotationSpeed"": 100.0, ""rotationSpeedUnit"": ""rpm""}",14.0,kV,0.24,mL/h,15.0,cm,,,22.0,,43.0,%,True,,194.0,nm,17.0,nm,,,,,,,,,,,,,,,,,,
https://doi.org/10.1002/app.36726,727,False,PAN,"[{""name"": ""PAN""}]",False,DMF,"[{""name"": ""DMF""}]",10.0,,,,,,,,,,Single Needle,"{""size"": 22.0, ""unit"": ""G""}",Rolling Drum,"{""rotationSpeed"": 100.0, ""rotationSpeedUnit"": ""rpm""}",14.0,kV,0.24,mL/h,18.0,cm,,,22.0,,43.0,%,True,,138.0,nm,19.0,nm,,,,,,,,,,,,,,,,,,
https://doi.org/10.1002/app.36726,728,False,PAN,"[{""name"": ""PAN""}]",False,DMF,"[{""name"": ""DMF""}]",12.0,,,,,,,,,,Single Needle,"{""size"": 22.0, ""unit"": ""G""}",Rolling Drum,"{""rotationSpeed"": 100.0, ""rotationSpeedUnit"": ""rpm""}",16.0,kV,0.24,mL/h,18.0,cm,,,22.0,,43.0,%,True,,175.0,nm,20.0,nm,,,,,,,,,,,,,,,,,,
https://doi.org/10.1002/app.36726,729,False,PAN,"[{""name"": ""PAN""}]",False,DMF,"[{""name"": ""DMF""}]",12.0,,,,,,,,,,Single Needle,"{""size"": 22.0, ""unit"": ""G""}",Rolling Drum,"{""rotationSpeed"": 100.0, ""rotationSpeedUnit"": ""rpm""}",16.0,kV,0.24,mL/h,12.0,cm,,,22.0,,43.0,%,True,,203.0,nm,21.0,nm,,,,,,,,,,,,,,,,,,
https://doi.org/10.1002/app.36726,730,False,PAN,"[{""name"": ""PAN""}]",False,DMF,"[{""name"": ""DMF""}]",14.0,,,,,,,,,,Single Needle,"{""size"": 22.0, ""unit"": ""G""}",Rolling Drum,"{""rotationSpeed"": 100.0, ""rotationSpeedUnit"": ""rpm""}",16.0,kV,0.24,mL/h,15.0,cm,,,22.0,,43.0,%,True,,236.0,nm,20.0,nm,,,,,,,,,,,,,,,,,,
https://doi.org/10.1002/app.36726,731,False,PAN,"[{""name"": ""PAN""}]",False,DMF,"[{""name"": ""DMF""}]",14.0,,,,,,,,,,Single Needle,"{""size"": 22.0, ""unit"": ""G""}",Rolling Drum,"{""rotationSpeed"": 100.0, ""rotationSpeedUnit"": ""rpm""}",14.0,kV,0.24,mL/h,12.0,cm,,,22.0,,43.0,%,True,,254.0,nm,30.0,nm,,,,,,,,,,,,,,,,,,
https://doi.org/10.1002/app.36726,732,False,PAN,"[{""name"": ""PAN""}]",False,DMF,"[{""name"": ""DMF""}]",10.0,,,,,,,,,,Single Needle,"{""size"": 22.0, ""unit"": ""G""}",Rolling Drum,"{""rotationSpeed"": 100.0, ""rotationSpeedUnit"": ""rpm""}",14.0,kV,0.24,mL/h,12.0,cm,,,22.0,,43.0,%,True,,153.0,nm,21.0,nm,,,,,,,,,,,,,,,,,,
https://doi.org/10.1002/app.36726,733,False,PAN,"[{""name"": ""PAN""}]",False,DMF,"[{""name"": ""DMF""}]",12.0,,,,,,,,,,Single Needle,"{""size"": 22.0, ""unit"": ""G""}",Rolling Drum,"{""rotationSpeed"": 100.0, ""rotationSpeedUnit"": ""rpm""}",14.0,kV,0.24,mL/h,15.0,cm,,,22.0,,43.0,%,True,,197.0,nm,18.0,nm,,,,,,,,,,,,,,,,,,
https://doi.org/10.1002/app.36726,734,False,PAN,"[{""name"": ""PAN""}]",False,DMF,"[{""name"": ""DMF""}]",10.0,,,,,,,,,,Single Needle,"{""size"": 22.0, ""unit"": ""G""}",Rolling Drum,"{""rotationSpeed"": 100.0, ""rotationSpeedUnit"": ""rpm""}",12.0,kV,0.24,mL/h,15.0,cm,,,22.0,,43.0,%,True,,124.0,nm,17.0,nm,,,,,,,,,,,,,,,,,,
https://doi.org/10.1002/app.36726,735,False,PAN,"[{""name"": ""PAN""}]",False,DMF,"[{""name"": ""DMF""}]",12.0,,,,,,,,,,Single Needle,"{""size"": 22.0, ""unit"": ""G""}",Rolling Drum,"{""rotationSpeed"": 100.0, ""rotationSpeedUnit"": ""rpm""}",14.0,kV,0.24,mL/h,15.0,cm,,,22.0,,43.0,%,True,,199.0,nm,18.0,nm,,,,,,,,,,,,,,,,,,
https://doi.org/10.1002/app.36726,736,False,PAN,"[{""name"": ""PAN""}]",False,DMF,"[{""name"": ""DMF""}]",10.0,,,,,,,,,,Single Needle,"{""size"": 22.0, ""unit"": ""G""}",Rolling Drum,"{""rotationSpeed"": 100.0, ""rotationSpeedUnit"": ""rpm""}",16.0,kV,0.24,mL/h,15.0,cm,,,22.0,,43.0,%,True,,161.0,nm,19.0,nm,,,,,,,,,,,,,,,,,,
https://doi.org/10.1002/app.36726,737,False,PAN,"[{""name"": ""PAN""}]",False,DMF,"[{""name"": ""DMF""}]",12.0,,,,,,,,,,Single Needle,"{""size"": 22.0, ""unit"": ""G""}",Rolling Drum,"{""rotationSpeed"": 100.0, ""rotationSpeedUnit"": ""rpm""}",12.0,kV,0.24,mL/h,18.0,cm,,,22.0,,43.0,%,True,,208.0,nm,16.0,nm,,,,,,,,,,,,,,,,,,
https://doi.org/10.1002/app.36726,738,False,PAN,"[{""name"": ""PAN""}]",False,DMF,"[{""name"": ""DMF""}]",14.0,,,,,,,,,,Single Needle,"{""size"": 22.0, ""unit"": ""G""}",Rolling Drum,"{""rotationSpeed"": 100.0, ""rotationSpeedUnit"": ""rpm""}",12.0,kV,0.24,mL/h,15.0,cm,,,22.0,,43.0,%,True,,276.0,nm,31.0,nm,,,,,,,,,,,,,,,,,,
https://doi.org/10.1002/app.36726,739,False,PAN,"[{""name"": ""PAN""}]",False,DMF,"[{""name"": ""DMF""}]",12.0,,,,,,,,,,Single Needle,"{""size"": 22.0, ""unit"": ""G""}",Rolling Drum,"{""rotationSpeed"": 100.0, ""rotationSpeedUnit"": ""rpm""}",14.0,kV,0.24,mL/h,15.0,cm,,,22.0,,43.0,%,True,,198.0,nm,20.0,nm,,,,,,,,,,,,,,,,,,
https://doi.org/10.1002/app.36726,740,False,PAN,"[{""name"": ""PAN""}]",False,DMF,"[{""name"": ""DMF""}]",14.0,,,,,,,,,,Single Needle,"{""size"": 22.0, ""unit"": ""G""}",Rolling Drum,"{""rotationSpeed"": 100.0, ""rotationSpeedUnit"": ""rpm""}",14.0,kV,0.24,mL/h,18.0,cm,,,22.0,,43.0,%,True,,263.0,nm,29.0,nm,,,,,,,,,,,,,,,,,,
https://doi.org/10.1002/app.36726,741,False,PAN,"[{""name"": ""PAN""}]",False,DMF,"[{""name"": ""DMF""}]",12.0,,,,,,,,,,Single Needle,"{""size"": 22.0, ""unit"": ""G""}",Rolling Drum,"{""rotationSpeed"": 100.0, ""rotationSpeedUnit"": ""rpm""}",12.0,kV,0.24,mL/h,12.0,cm,,,22.0,,43.0,%,True,,184.0,nm,17.0,nm,,,,,,,,,,,,,,,,,,
https://doi.org/10.1002/app.36726,742,False,PAN,"[{""name"": ""PAN""}]",False,DMF,"[{""name"": ""DMF""}]",12.0,,,,,,,,,,Single Needle,"{""size"": 22.0, ""unit"": ""G""}",Rolling Drum,"{""rotationSpeed"": 100.0, ""rotationSpeedUnit"": ""rpm""}",14.0,kV,0.24,mL/h,15.0,cm,,,22.0,,43.0,%,True,,193.0,nm,21.0,nm,,,,,,,,,,,,,,,,,,
https://doi.org/10.1007/s12221-015-5263-4,743,False,PVP,"[{""name"": ""PVP""}]",False,DMF,"[{""name"": ""DMF""}]",10.0,wt%,,,,,,,,,Single Needle,"{""size"": 22.0, ""unit"": ""G""}",Rolling Drum,"{""rotationSpeed"": 100.0, ""rotationSpeedUnit"": ""rpm""}",13.0,kV,0.25,mL/h,10.0,cm,,,22.0,,33.0,%,True,,103.0,nm,24.0,nm,,,,,,,,,,,,,,,,,,
https://doi.org/10.1007/s12221-015-5263-4,744,False,PVP,"[{""name"": ""PVP""}]",False,DMF,"[{""name"": ""DMF""}]",10.0,wt%,,,,,,,,,Single Needle,"{""size"": 22.0, ""unit"": ""G""}",Rolling Drum,"{""rotationSpeed"": 100.0, ""rotationSpeedUnit"": ""rpm""}",13.0,kV,0.25,mL/h,20.0,cm,,,22.0,,33.0,%,True,,118.0,nm,25.0,nm,,,,,,,,,,,,,,,,,,
https://doi.org/10.1007/s12221-015-5263-4,745,False,PVP,"[{""name"": ""PVP""}]",False,DMF,"[{""name"": ""DMF""}]",10.0,wt%,,,,,,,,,Single Needle,"{""size"": 22.0, ""unit"": ""G""}",Rolling Drum,"{""rotationSpeed"": 100.0, ""rotationSpeedUnit"": ""rpm""}",17.0,kV,0.25,mL/h,15.0,cm,,,22.0,,33.0,%,True,,88.0,nm,17.0,nm,,,,,,,,,,,,,,,,,,
https://doi.org/10.1007/s12221-015-5263-4,746,False,PVP,"[{""name"": ""PVP""}]",False,DMF,"[{""name"": ""DMF""}]",10.0,wt%,,,,,,,,,Single Needle,"{""size"": 22.0, ""unit"": ""G""}",Rolling Drum,"{""rotationSpeed"": 100.0, ""rotationSpeedUnit"": ""rpm""}",21.0,kV,0.25,mL/h,10.0,cm,,,22.0,,33.0,%,True,,135.0,nm,43.0,nm,,,,,,,,,,,,,,,,,,
https://doi.org/10.1007/s12221-015-5263-4,747,False,PVP,"[{""name"": ""PVP""}]",False,DMF,"[{""name"": ""DMF""}]",10.0,wt%,,,,,,,,,Single Needle,"{""size"": 22.0, ""unit"": ""G""}",Rolling Drum,"{""rotationSpeed"": 100.0, ""rotationSpeedUnit"": ""rpm""}",21.0,kV,0.25,mL/h,20.0,cm,,,22.0,,33.0,%,True,,151.0,nm,44.0,nm,,,,,,,,,,,,,,,,,,
https://doi.org/10.1007/s12221-015-5263-4,748,False,PVP,"[{""name"": ""PVP""}]",False,DMF,"[{""name"": ""DMF""}]",14.0,wt%,,,,,,,,,Single Needle,"{""size"": 22.0, ""unit"": ""G""}",Rolling Drum,"{""rotationSpeed"": 100.0, ""rotationSpeedUnit"": ""rpm""}",13.0,kV,0.25,mL/h,15.0,cm,,,22.0,,33.0,%,True,,179.0,nm,24.0,nm,,,,,,,,,,,,,,,,,,
https://doi.org/10.1007/s12221-015-5263-4,749,False,PVP,"[{""name"": ""PVP""}]",False,DMF,"[{""name"": ""DMF""}]",14.0,wt%,,,,,,,,,Single Needle,"{""size"": 22.0, ""unit"": ""G""}",Rolling Drum,"{""rotationSpeed"": 100.0, ""rotationSpeedUnit"": ""rpm""}",17.0,kV,0.25,mL/h,10.0,cm,,,22.0,,33.0,%,True,,288.0,nm,66.0,nm,,,,,,,,,,,,,,,,,,
https://doi.org/10.1007/s12221-015-5263-4,750,False,PVP,"[{""name"": ""PVP""}]",False,DMF,"[{""name"": ""DMF""}]",14.0,wt%,,,,,,,,,Single Needle,"{""size"": 22.0, ""unit"": ""G""}",Rolling Drum,"{""rotationSpeed"": 100.0, ""rotationSpeedUnit"": ""rpm""}",17.0,kV,0.25,mL/h,15.0,cm,,,22.0,,33.0,%,True,,181.0,nm,25.0,nm,,,,,,,,,,,,,,,,,,
https://doi.org/10.1007/s12221-015-5263-4,751,False,PVP,"[{""name"": ""PVP""}]",False,DMF,"[{""name"": ""DMF""}]",14.0,wt%,,,,,,,,,Single Needle,"{""size"": 22.0, ""unit"": ""G""}",Rolling Drum,"{""rotationSpeed"": 100.0, ""rotationSpeedUnit"": ""rpm""}",17.0,kV,0.25,mL/h,15.0,cm,,,22.0,,33.0,%,True,,224.0,nm,4.0,nm,,,,,,,,,,,,,,,,,,
https://doi.org/10.1007/s12221-015-5263-4,752,False,PVP,"[{""name"": ""PVP""}]",False,DMF,"[{""name"": ""DMF""}]",14.0,wt%,,,,,,,,,Single Needle,"{""size"": 22.0, ""unit"": ""G""}",Rolling Drum,"{""rotationSpeed"": 100.0, ""rotationSpeedUnit"": ""rpm""}",17.0,kV,0.25,mL/h,15.0,cm,,,22.0,,33.0,%,True,,261.0,nm,45.0,nm,,,,,,,,,,,,,,,,,,
https://doi.org/10.1007/s12221-015-5263-4,753,False,PVP,"[{""name"": ""PVP""}]",False,DMF,"[{""name"": ""DMF""}]",14.0,wt%,,,,,,,,,Single Needle,"{""size"": 22.0, ""unit"": ""G""}",Rolling Drum,"{""rotationSpeed"": 100.0, ""rotationSpeedUnit"": ""rpm""}",17.0,kV,0.25,mL/h,15.0,cm,,,22.0,,33.0,%,True,,198.0,nm,32.0,nm,,,,,,,,,,,,,,,,,,
https://doi.org/10.1007/s12221-015-5263-4,754,False,PVP,"[{""name"": ""PVP""}]",False,DMF,"[{""name"": ""DMF""}]",14.0,wt%,,,,,,,,,Single Needle,"{""size"": 22.0, ""unit"": ""G""}",Rolling Drum,"{""rotationSpeed"": 100.0, ""rotationSpeedUnit"": ""rpm""}",17.0,kV,0.25,mL/h,15.0,cm,,,22.0,,33.0,%,True,,234.0,nm,35.0,nm,,,,,,,,,,,,,,,,,,
https://doi.org/10.1007/s12221-015-5263-4,755,False,PVP,"[{""name"": ""PVP""}]",False,DMF,"[{""name"": ""DMF""}]",14.0,wt%,,,,,,,,,Single Needle,"{""size"": 22.0, ""unit"": ""G""}",Rolling Drum,"{""rotationSpeed"": 100.0, ""rotationSpeedUnit"": ""rpm""}",17.0,kV,0.25,mL/h,20.0,cm,,,22.0,,33.0,%,True,,161.0,nm,20.0,nm,,,,,,,,,,,,,,,,,,
https://doi.org/10.1007/s12221-015-5263-4,756,False,PVP,"[{""name"": ""PVP""}]",False,DMF,"[{""name"": ""DMF""}]",14.0,wt%,,,,,,,,,Single Needle,"{""size"": 22.0, ""unit"": ""G""}",Rolling Drum,"{""rotationSpeed"": 100.0, ""rotationSpeedUnit"": ""rpm""}",21.0,kV,0.25,mL/h,15.0,cm,,,22.0,,33.0,%,True,,251.0,nm,72.0,nm,,,,,,,,,,,,,,,,,,
https://doi.org/10.1007/s12221-015-5263-4,757,False,PVP,"[{""name"": ""PVP""}]",False,DMF,"[{""name"": ""DMF""}]",18.0,wt%,,,,,,,,,Single Needle,"{""size"": 22.0, ""unit"": ""G""}",Rolling Drum,"{""rotationSpeed"": 100.0, ""rotationSpeedUnit"": ""rpm""}",13.0,kV,0.25,mL/h,10.0,cm,,,22.0,,33.0,%,True,,506.0,nm,118.0,nm,,,,,,,,,,,,,,,,,,
https://doi.org/10.1007/s12221-015-5263-4,758,False,PVP,"[{""name"": ""PVP""}]",False,DMF,"[{""name"": ""DMF""}]",18.0,wt%,,,,,,,,,Single Needle,"{""size"": 22.0, ""unit"": ""G""}",Rolling Drum,"{""rotationSpeed"": 100.0, ""rotationSpeedUnit"": ""rpm""}",13.0,kV,0.25,mL/h,20.0,cm,,,22.0,,33.0,%,True,,323.0,nm,52.0,nm,,,,,,,,,,,,,,,,,,
https://doi.org/10.1007/s12221-015-5263-4,759,False,PVP,"[{""name"": ""PVP""}]",False,DMF,"[{""name"": ""DMF""}]",18.0,wt%,,,,,,,,,Single Needle,"{""size"": 22.0, ""unit"": ""G""}",Rolling Drum,"{""rotationSpeed"": 100.0, ""rotationSpeedUnit"": ""rpm""}",17.0,kV,0.25,mL/h,15.0,cm,,,22.0,,33.0,%,True,,447.0,nm,88.0,nm,,,,,,,,,,,,,,,,,,
https://doi.org/10.1007/s12221-015-5263-4,760,False,PVP,"[{""name"": ""PVP""}]",False,DMF,"[{""name"": ""DMF""}]",18.0,wt%,,,,,,,,,Single Needle,"{""size"": 22.0, ""unit"": ""G""}",Rolling Drum,"{""rotationSpeed"": 100.0, ""rotationSpeedUnit"": ""rpm""}",21.0,kV,0.25,mL/h,10.0,cm,,,22.0,,33.0,%,True,,691.0,nm,185.0,nm,,,,,,,,,,,,,,,,,,
https://doi.org/10.1007/s12221-015-5263-4,761,False,PVP,"[{""name"": ""PVP""}]",False,DMF,"[{""name"": ""DMF""}]",18.0,wt%,,,,,,,,,Single Needle,"{""size"": 22.0, ""unit"": ""G""}",Rolling Drum,"{""rotationSpeed"": 100.0, ""rotationSpeedUnit"": ""rpm""}",21.0,kV,0.25,mL/h,20.0,cm,,,22.0,,33.0,%,True,,357.0,nm,77.0,nm,,,,,,,,,,,,,,,,,,
https://doi.org/10.1007/s12221-015-5263-4,762,False,PVP,"[{""name"": ""PVP""}]",False,ETHANOL,"[{""name"": ""ETHANOL""}]",10.0,wt%,,,,,,,,,Single Needle,"{""size"": 22.0, ""unit"": ""G""}",Rolling Drum,"{""rotationSpeed"": 100.0, ""rotationSpeedUnit"": ""rpm""}",13.0,kV,0.25,mL/h,10.0,cm,,,22.0,,33.0,%,True,,458.0,nm,92.0,nm,,,,,,,,,,,,,,,,,,
https://doi.org/10.1007/s12221-015-5263-4,763,False,PVP,"[{""name"": ""PVP""}]",False,ETHANOL,"[{""name"": ""ETHANOL""}]",10.0,wt%,,,,,,,,,Single Needle,"{""size"": 22.0, ""unit"": ""G""}",Rolling Drum,"{""rotationSpeed"": 100.0, ""rotationSpeedUnit"": ""rpm""}",13.0,kV,0.25,mL/h,20.0,cm,,,22.0,,33.0,%,True,,825.0,nm,146.0,nm,,,,,,,,,,,,,,,,,,
https://doi.org/10.1007/s12221-015-5263-4,764,False,PVP,"[{""name"": ""PVP""}]",False,ETHANOL,"[{""name"": ""ETHANOL""}]",10.0,wt%,,,,,,,,,Single Needle,"{""size"": 22.0, ""unit"": ""G""}",Rolling Drum,"{""rotationSpeed"": 100.0, ""rotationSpeedUnit"": ""rpm""}",17.0,kV,0.25,mL/h,15.0,cm,,,22.0,,33.0,%,True,,510.0,nm,112.0,nm,,,,,,,,,,,,,,,,,,
https://doi.org/10.1007/s12221-015-5263-4,765,False,PVP,"[{""name"": ""PVP""}]",False,ETHANOL,"[{""name"": ""ETHANOL""}]",10.0,wt%,,,,,,,,,Single Needle,"{""size"": 22.0, ""unit"": ""G""}",Rolling Drum,"{""rotationSpeed"": 100.0, ""rotationSpeedUnit"": ""rpm""}",21.0,kV,0.25,mL/h,10.0,cm,,,22.0,,33.0,%,True,,306.0,nm,86.0,nm,,,,,,,,,,,,,,,,,,
https://doi.org/10.1007/s12221-015-5263-4,766,False,PVP,"[{""name"": ""PVP""}]",False,ETHANOL,"[{""name"": ""ETHANOL""}]",10.0,wt%,,,,,,,,,Single Needle,"{""size"": 22.0, ""unit"": ""G""}",Rolling Drum,"{""rotationSpeed"": 100.0, ""rotationSpeedUnit"": ""rpm""}",21.0,kV,0.25,mL/h,20.0,cm,,,22.0,,33.0,%,True,,403.0,nm,94.0,nm,,,,,,,,,,,,,,,,,,
https://doi.org/10.1007/s12221-015-5263-4,767,False,PVP,"[{""name"": ""PVP""}]",False,ETHANOL,"[{""name"": ""ETHANOL""}]",14.0,wt%,,,,,,,,,Single Needle,"{""size"": 22.0, ""unit"": ""G""}",Rolling Drum,"{""rotationSpeed"": 100.0, ""rotationSpeedUnit"": ""rpm""}",13.0,kV,0.25,mL/h,15.0,cm,,,22.0,,33.0,%,True,,1446.0,nm,303.0,nm,,,,,,,,,,,,,,,,,,
https://doi.org/10.1007/s12221-015-5263-4,768,False,PVP,"[{""name"": ""PVP""}]",False,ETHANOL,"[{""name"": ""ETHANOL""}]",14.0,wt%,,,,,,,,,Single Needle,"{""size"": 22.0, ""unit"": ""G""}",Rolling Drum,"{""rotationSpeed"": 100.0, ""rotationSpeedUnit"": ""rpm""}",17.0,kV,0.25,mL/h,10.0,cm,,,22.0,,33.0,%,True,,718.0,nm,173.0,nm,,,,,,,,,,,,,,,,,,
https://doi.org/10.1007/s12221-015-5263-4,769,False,PVP,"[{""name"": ""PVP""}]",False,ETHANOL,"[{""name"": ""ETHANOL""}]",14.0,wt%,,,,,,,,,Single Needle,"{""size"": 22.0, ""unit"": ""G""}",Rolling Drum,"{""rotationSpeed"": 100.0, ""rotationSpeedUnit"": ""rpm""}",17.0,kV,0.25,mL/h,15.0,cm,,,22.0,,33.0,%,True,,812.0,nm,191.0,nm,,,,,,,,,,,,,,,,,,
https://doi.org/10.1007/s12221-015-5263-4,770,False,PVP,"[{""name"": ""PVP""}]",False,ETHANOL,"[{""name"": ""ETHANOL""}]",14.0,wt%,,,,,,,,,Single Needle,"{""size"": 22.0, ""unit"": ""G""}",Rolling Drum,"{""rotationSpeed"": 100.0, ""rotationSpeedUnit"": ""rpm""}",17.0,kV,0.25,mL/h,15.0,cm,,,22.0,,33.0,%,True,,932.0,nm,202.0,nm,,,,,,,,,,,,,,,,,,
https://doi.org/10.1007/s12221-015-5263-4,771,False,PVP,"[{""name"": ""PVP""}]",False,ETHANOL,"[{""name"": ""ETHANOL""}]",14.0,wt%,,,,,,,,,Single Needle,"{""size"": 22.0, ""unit"": ""G""}",Rolling Drum,"{""rotationSpeed"": 100.0, ""rotationSpeedUnit"": ""rpm""}",17.0,kV,0.25,mL/h,15.0,cm,,,22.0,,33.0,%,True,,875.0,nm,193.0,nm,,,,,,,,,,,,,,,,,,
https://doi.org/10.1007/s12221-015-5263-4,772,False,PVP,"[{""name"": ""PVP""}]",False,ETHANOL,"[{""name"": ""ETHANOL""}]",14.0,wt%,,,,,,,,,Single Needle,"{""size"": 22.0, ""unit"": ""G""}",Rolling Drum,"{""rotationSpeed"": 100.0, ""rotationSpeedUnit"": ""rpm""}",17.0,kV,0.25,mL/h,15.0,cm,,,22.0,,33.0,%,True,,1152.0,nm,229.0,nm,,,,,,,,,,,,,,,,,,
https://doi.org/10.1007/s12221-015-5263-4,773,False,PVP,"[{""name"": ""PVP""}]",False,ETHANOL,"[{""name"": ""ETHANOL""}]",14.0,wt%,,,,,,,,,Single Needle,"{""size"": 22.0, ""unit"": ""G""}",Rolling Drum,"{""rotationSpeed"": 100.0, ""rotationSpeedUnit"": ""rpm""}",17.0,kV,0.25,mL/h,15.0,cm,,,22.0,,33.0,%,True,,1056.0,nm,207.0,nm,,,,,,,,,,,,,,,,,,
https://doi.org/10.1007/s12221-015-5263-4,774,False,PVP,"[{""name"": ""PVP""}]",False,ETHANOL,"[{""name"": ""ETHANOL""}]",14.0,wt%,,,,,,,,,Single Needle,"{""size"": 22.0, ""unit"": ""G""}",Rolling Drum,"{""rotationSpeed"": 100.0, ""rotationSpeedUnit"": ""rpm""}",17.0,kV,0.25,mL/h,20.0,cm,,,22.0,,33.0,%,True,,1451.0,nm,320.0,nm,,,,,,,,,,,,,,,,,,
https://doi.org/10.1007/s12221-015-5263-4,775,False,PVP,"[{""name"": ""PVP""}]",False,ETHANOL,"[{""name"": ""ETHANOL""}]",14.0,wt%,,,,,,,,,Single Needle,"{""size"": 22.0, ""unit"": ""G""}",Rolling Drum,"{""rotationSpeed"": 100.0, ""rotationSpeedUnit"": ""rpm""}",21.0,kV,0.25,mL/h,15.0,cm,,,22.0,,33.0,%,True,,612.0,nm,182.0,nm,,,,,,,,,,,,,,,,,,
https://doi.org/10.1007/s12221-015-5263-4,776,False,PVP,"[{""name"": ""PVP""}]",False,ETHANOL,"[{""name"": ""ETHANOL""}]",18.0,wt%,,,,,,,,,Single Needle,"{""size"": 22.0, ""unit"": ""G""}",Rolling Drum,"{""rotationSpeed"": 100.0, ""rotationSpeedUnit"": ""rpm""}",13.0,kV,0.25,mL/h,10.0,cm,,,22.0,,33.0,%,True,,1611.0,nm,512.0,nm,,,,,,,,,,,,,,,,,,
https://doi.org/10.1007/s12221-015-5263-4,777,False,PVP,"[{""name"": ""PVP""}]",False,ETHANOL,"[{""name"": ""ETHANOL""}]",18.0,wt%,,,,,,,,,Single Needle,"{""size"": 22.0, ""unit"": ""G""}",Rolling Drum,"{""rotationSpeed"": 100.0, ""rotationSpeedUnit"": ""rpm""}",13.0,kV,0.25,mL/h,20.0,cm,,,22.0,,33.0,%,True,,2661.0,nm,694.0,nm,,,,,,,,,,,,,,,,,,
https://doi.org/10.1007/s12221-015-5263-4,778,False,PVP,"[{""name"": ""PVP""}]",False,ETHANOL,"[{""name"": ""ETHANOL""}]",18.0,wt%,,,,,,,,,Single Needle,"{""size"": 22.0, ""unit"": ""G""}",Rolling Drum,"{""rotationSpeed"": 100.0, ""rotationSpeedUnit"": ""rpm""}",17.0,kV,0.25,mL/h,15.0,cm,,,22.0,,33.0,%,True,,1881.0,nm,474.0,nm,,,,,,,,,,,,,,,,,,
https://doi.org/10.1007/s12221-015-5263-4,779,False,PVP,"[{""name"": ""PVP""}]",False,ETHANOL,"[{""name"": ""ETHANOL""}]",18.0,wt%,,,,,,,,,Single Needle,"{""size"": 22.0, ""unit"": ""G""}",Rolling Drum,"{""rotationSpeed"": 100.0, ""rotationSpeedUnit"": ""rpm""}",21.0,kV,0.25,mL/h,10.0,cm,,,22.0,,33.0,%,True,,1014.0,nm,415.0,nm,,,,,,,,,,,,,,,,,,
https://doi.org/10.1007/s12221-015-5263-4,780,False,PVP,"[{""name"": ""PVP""}]",False,ETHANOL,"[{""name"": ""ETHANOL""}]",18.0,wt%,,,,,,,,,Single Needle,"{""size"": 22.0, ""unit"": ""G""}",Rolling Drum,"{""rotationSpeed"": 100.0, ""rotationSpeedUnit"": ""rpm""}",21.0,kV,0.25,mL/h,20.0,cm,,,22.0,,33.0,%,True,,1179.0,nm,418.0,nm,,,,,,,,,,,,,,,,,,
https://doi.org/10.1007/s00521-014-1554-8,781,False,PMMA,"[{""name"": ""PMMA""}]",False,DMF,"[{""name"": ""DMF""}]",20.0,wt%,,,,,,,,,Single Needle,,Flat,,15.0,kV,2.5,mL/h,15.0,cm,,,25.0,,32.0,%,True,,548.0,nm,,nm,,,,,,,,,,,,,,,,,,
https://doi.org/10.1007/s00521-014-1554-8,782,False,PMMA,"[{""name"": ""PMMA""}]",False,DMF,"[{""name"": ""DMF""}]",20.0,wt%,,,,,,,,,Single Needle,,Flat,,15.0,kV,2.5,mL/h,15.0,cm,,,25.0,,32.0,%,True,,563.0,nm,,nm,,,,,,,,,,,,,,,,,,
https://doi.org/10.1007/s00521-014-1554-8,783,False,PMMA,"[{""name"": ""PMMA""}]",False,DMF,"[{""name"": ""DMF""}]",20.0,wt%,,,,,,,,,Single Needle,,Flat,,15.0,kV,2.5,mL/h,15.0,cm,,,25.0,,32.0,%,True,,636.0,nm,,nm,,,,,,,,,,,,,,,,,,
https://doi.org/10.1007/s00521-014-1554-8,784,False,PMMA,"[{""name"": ""PMMA""}]",False,DMF,"[{""name"": ""DMF""}]",20.0,wt%,,,,,,,,,Single Needle,,Flat,,15.0,kV,2.5,mL/h,15.0,cm,,,25.0,,32.0,%,True,,604.0,nm,,nm,,,,,,,,,,,,,,,,,,
https://doi.org/10.1007/s00521-014-1554-8,785,False,PMMA,"[{""name"": ""PMMA""}]",False,DMF,"[{""name"": ""DMF""}]",20.0,wt%,,,,,,,,,Single Needle,,Flat,,15.0,kV,2.5,mL/h,15.0,cm,,,25.0,,32.0,%,True,,634.0,nm,,nm,,,,,,,,,,,,,,,,,,
https://doi.org/10.1007/s00521-014-1554-8,786,False,PMMA,"[{""name"": ""PMMA""}]",False,DMF,"[{""name"": ""DMF""}]",20.0,wt%,,,,,,,,,Single Needle,,Flat,,15.0,kV,2.5,mL/h,15.0,cm,,,25.0,,32.0,%,True,,549.0,nm,,nm,,,,,,,,,,,,,,,,,,
https://doi.org/10.1007/s00521-014-1554-8,787,False,PMMA,"[{""name"": ""PMMA""}]",False,DMF,"[{""name"": ""DMF""}]",15.0,wt%,,,,,,,,,Single Needle,,Flat,,15.0,kV,1.0,mL/h,10.0,cm,,,25.0,,32.0,%,True,,230.0,nm,,nm,,,,,,,,,,,,,,,,,,
https://doi.org/10.1007/s00521-014-1554-8,788,False,PMMA,"[{""name"": ""PMMA""}]",False,DMF,"[{""name"": ""DMF""}]",25.0,wt%,,,,,,,,,Single Needle,,Flat,,15.0,kV,1.0,mL/h,10.0,cm,,,25.0,,32.0,%,True,,1290.0,nm,,nm,,,,,,,,,,,,,,,,,,
https://doi.org/10.1007/s00521-014-1554-8,789,False,PMMA,"[{""name"": ""PMMA""}]",False,DMF,"[{""name"": ""DMF""}]",15.0,wt%,,,,,,,,,Single Needle,,Flat,,15.0,kV,4.0,mL/h,10.0,cm,,,25.0,,32.0,%,True,,143.0,nm,,nm,,,,,,,,,,,,,,,,,,
https://doi.org/10.1007/s00521-014-1554-8,790,False,PMMA,"[{""name"": ""PMMA""}]",False,DMF,"[{""name"": ""DMF""}]",25.0,wt%,,,,,,,,,Single Needle,,Flat,,15.0,kV,4.0,mL/h,10.0,cm,,,25.0,,32.0,%,True,,1505.0,nm,,nm,,,,,,,,,,,,,,,,,,
https://doi.org/10.1007/s00521-014-1554-8,791,False,PMMA,"[{""name"": ""PMMA""}]",False,DMF,"[{""name"": ""DMF""}]",15.0,wt%,,,,,,,,,Single Needle,,Flat,,15.0,kV,1.0,mL/h,20.0,cm,,,25.0,,32.0,%,True,,324.0,nm,,nm,,,,,,,,,,,,,,,,,,
https://doi.org/10.1007/s00521-014-1554-8,792,False,PMMA,"[{""name"": ""PMMA""}]",False,DMF,"[{""name"": ""DMF""}]",25.0,wt%,,,,,,,,,Single Needle,,Flat,,15.0,kV,1.0,mL/h,20.0,cm,,,25.0,,32.0,%,True,,1280.0,nm,,nm,,,,,,,,,,,,,,,,,,
https://doi.org/10.1007/s00521-014-1554-8,793,False,PMMA,"[{""name"": ""PMMA""}]",False,DMF,"[{""name"": ""DMF""}]",15.0,wt%,,,,,,,,,Single Needle,,Flat,,15.0,kV,4.0,mL/h,20.0,cm,,,25.0,,32.0,%,True,,301.0,nm,,nm,,,,,,,,,,,,,,,,,,
https://doi.org/10.1007/s00521-014-1554-8,794,False,PMMA,"[{""name"": ""PMMA""}]",False,DMF,"[{""name"": ""DMF""}]",25.0,wt%,,,,,,,,,Single Needle,,Flat,,15.0,kV,4.0,mL/h,20.0,cm,,,25.0,,32.0,%,True,,1000.0,nm,,nm,,,,,,,,,,,,,,,,,,
https://doi.org/10.1007/s00521-014-1554-8,795,False,PMMA,"[{""name"": ""PMMA""}]",False,DMF,"[{""name"": ""DMF""}]",13.0,wt%,,,,,,,,,Single Needle,,Flat,,15.0,kV,2.5,mL/h,15.0,cm,,,25.0,,32.0,%,True,,170.0,nm,,nm,,,,,,,,,,,,,,,,,,
https://doi.org/10.1007/s00521-014-1554-8,796,False,PMMA,"[{""name"": ""PMMA""}]",False,DMF,"[{""name"": ""DMF""}]",28.0,wt%,,,,,,,,,Single Needle,,Flat,,15.0,kV,2.5,mL/h,15.0,cm,,,25.0,,32.0,%,True,,1430.0,nm,,nm,,,,,,,,,,,,,,,,,,
https://doi.org/10.1007/s00521-014-1554-8,797,False,PMMA,"[{""name"": ""PMMA""}]",False,DMF,"[{""name"": ""DMF""}]",20.0,wt%,,,,,,,,,Single Needle,,Flat,,15.0,kV,2.0,mL/h,15.0,cm,,,25.0,,32.0,%,True,,552.0,nm,,nm,,,,,,,,,,,,,,,,,,
https://doi.org/10.1007/s00521-014-1554-8,798,False,PMMA,"[{""name"": ""PMMA""}]",False,DMF,"[{""name"": ""DMF""}]",20.0,wt%,,,,,,,,,Single Needle,,Flat,,15.0,kV,5.0,mL/h,15.0,cm,,,25.0,,32.0,%,True,,585.0,nm,,nm,,,,,,,,,,,,,,,,,,
https://doi.org/10.1007/s00521-014-1554-8,799,False,PMMA,"[{""name"": ""PMMA""}]",False,DMF,"[{""name"": ""DMF""}]",20.0,wt%,,,,,,,,,Single Needle,,Flat,,15.0,kV,2.5,mL/h,16.0,cm,,,25.0,,32.0,%,True,,575.0,nm,,nm,,,,,,,,,,,,,,,,,,
https://doi.org/10.1007/s00521-014-1554-8,800,False,PMMA,"[{""name"": ""PMMA""}]",False,DMF,"[{""name"": ""DMF""}]",20.0,wt%,,,,,,,,,Single Needle,,Flat,,15.0,kV,2.5,mL/h,23.0,cm,,,25.0,,32.0,%,True,,572.0,nm,,nm,,,,,,,,,,,,,,,,,,
https://doi.org/10.3139/217.3278,801,False,PVA,"[{""name"": ""PVA""}]",False,DISTILLED_WATER,"[{""name"": ""DISTILLED_WATER""}]",12.0,wt%,,,,,,,,,Single Needle,"{""size"": 22.0, ""unit"": ""G""}",Flat,,18.0,kV,1.0,mL/h,18.0,cm,,,25.0,,,%,True,,688.0,nm,101.0,nm,,,,,,,,,,,,,,,,,,
https://doi.org/10.3139/217.3278,802,False,PVA,"[{""name"": ""PVA""}]",False,DISTILLED_WATER,"[{""name"": ""DISTILLED_WATER""}]",12.0,wt%,,,,,,,,,Single Needle,"{""size"": 22.0, ""unit"": ""G""}",Flat,,16.0,kV,0.7,mL/h,15.0,cm,,,25.0,,,%,True,,730.0,nm,85.0,nm,,,,,,,,,,,,,,,,,,
https://doi.org/10.3139/217.3278,803,False,PVA,"[{""name"": ""PVA""}]",False,DISTILLED_WATER,"[{""name"": ""DISTILLED_WATER""}]",12.0,wt%,,,,,,,,,Single Needle,"{""size"": 22.0, ""unit"": ""G""}",Flat,,14.0,kV,0.5,mL/h,10.0,cm,,,25.0,,,%,True,,768.0,nm,63.0,nm,,,,,,,,,,,,,,,,,,
https://doi.org/10.3139/217.3278,804,False,PVA,"[{""name"": ""PVA""}]",False,DISTILLED_WATER,"[{""name"": ""DISTILLED_WATER""}]",10.0,wt%,,,,,,,,,Single Needle,"{""size"": 22.0, ""unit"": ""G""}",Flat,,18.0,kV,0.7,mL/h,10.0,cm,,,25.0,,,%,True,,541.0,nm,91.0,nm,,,,,,,,,,,,,,,,,,
https://doi.org/10.3139/217.3278,805,False,PVA,"[{""name"": ""PVA""}]",False,DISTILLED_WATER,"[{""name"": ""DISTILLED_WATER""}]",10.0,wt%,,,,,,,,,Single Needle,"{""size"": 22.0, ""unit"": ""G""}",Flat,,16.0,kV,0.5,mL/h,18.0,cm,,,25.0,,,%,True,,636.0,nm,76.0,nm,,,,,,,,,,,,,,,,,,
https://doi.org/10.3139/217.3278,806,False,PVA,"[{""name"": ""PVA""}]",False,DISTILLED_WATER,"[{""name"": ""DISTILLED_WATER""}]",10.0,wt%,,,,,,,,,Single Needle,"{""size"": 22.0, ""unit"": ""G""}",Flat,,14.0,kV,1.0,mL/h,15.0,cm,,,25.0,,,%,True,,659.0,nm,62.0,nm,,,,,,,,,,,,,,,,,,
https://doi.org/10.3139/217.3278,807,False,PVA,"[{""name"": ""PVA""}]",False,DISTILLED_WATER,"[{""name"": ""DISTILLED_WATER""}]",8.0,wt%,,,,,,,,,Single Needle,"{""size"": 22.0, ""unit"": ""G""}",Flat,,18.0,kV,0.5,mL/h,15.0,cm,,,25.0,,,%,True,,411.0,nm,73.0,nm,,,,,,,,,,,,,,,,,,
https://doi.org/10.3139/217.3278,808,False,PVA,"[{""name"": ""PVA""}]",False,DISTILLED_WATER,"[{""name"": ""DISTILLED_WATER""}]",8.0,wt%,,,,,,,,,Single Needle,"{""size"": 22.0, ""unit"": ""G""}",Flat,,16.0,kV,1.0,mL/h,10.0,cm,,,25.0,,,%,True,,456.0,nm,83.0,nm,,,,,,,,,,,,,,,,,,
https://doi.org/10.3139/217.3278,809,False,PVA,"[{""name"": ""PVA""}]",False,DISTILLED_WATER,"[{""name"": ""DISTILLED_WATER""}]",8.0,wt%,,,,,,,,,Single Needle,"{""size"": 22.0, ""unit"": ""G""}",Flat,,14.0,kV,0.7,mL/h,18.0,cm,,,25.0,,,%,True,,488.0,nm,53.0,nm,,,,,,,,,,,,,,,,,,
